DateOfCall,FirstPumpArriving_AttendanceTime
01/01/2017,318.2945736
02/01/2017,315.7809524
03/01/2017,313.916
04/01/2017,313.4072581
05/01/2017,314.513308
06/01/2017,331
07/01/2017,308.516129
08/01/2017,300.5517241
09/01/2017,322.8525346
10/01/2017,317.7941176
11/01/2017,291.7922705
12/01/2017,305.7488789
13/01/2017,309.5900901
14/01/2017,311.7561983
15/01/2017,295.5565611
16/01/2017,298.6186441
17/01/2017,315.2509363
18/01/2017,316.043956
19/01/2017,318.6962025
20/01/2017,340.6356877
21/01/2017,325.569395
22/01/2017,307.1800643
23/01/2017,335.5324232
24/01/2017,371.7916667
25/01/2017,330.5198413
26/01/2017,323.4922481
27/01/2017,332.5568182
28/01/2017,326.4268293
29/01/2017,293.4568966
30/01/2017,316.3230088
31/01/2017,313.2361111
01/02/2017,322.7312253
02/02/2017,317.1422414
03/02/2017,325.347032
04/02/2017,288.6844444
05/02/2017,296.1629956
06/02/2017,292.4722222
07/02/2017,315.4058577
08/02/2017,342.9473684
09/02/2017,300.8396624
10/02/2017,315.8870968
11/02/2017,312.7201493
12/02/2017,295.8904762
13/02/2017,311.9236641
14/02/2017,294.3760331
15/02/2017,323.3380282
16/02/2017,329.7647059
17/02/2017,317.8435115
18/02/2017,313.6434109
19/02/2017,296.8855932
20/02/2017,307.519802
21/02/2017,317.2248804
22/02/2017,325.8176796
23/02/2017,372.977551
24/02/2017,316.7683824
25/02/2017,322.8372093
26/02/2017,311.1191489
27/02/2017,318.3097345
28/02/2017,317.0490196
01/03/2017,330.0288462
02/03/2017,311.1965812
03/03/2017,337.3663793
04/03/2017,310.0237154
05/03/2017,320.6508621
06/03/2017,303.3035714
07/03/2017,305.2974138
08/03/2017,303.6216216
09/03/2017,309.963964
10/03/2017,307.0844444
11/03/2017,317.1
12/03/2017,292.5390625
13/03/2017,318.6810345
14/03/2017,331.5910931
15/03/2017,333.0442478
16/03/2017,312.4349593
17/03/2017,323.8458333
18/03/2017,296.187234
19/03/2017,300.3390558
20/03/2017,313.8248848
21/03/2017,310.6261261
22/03/2017,317.4784689
23/03/2017,318.9399142
24/03/2017,309.0336134
25/03/2017,317
26/03/2017,305.6061947
27/03/2017,318.1984127
28/03/2017,312.2389706
29/03/2017,314.6614786
30/03/2017,315.2250923
31/03/2017,309.0175439
01/04/2017,294.7628866
02/04/2017,331.611336
03/04/2017,331.6287879
04/04/2017,318.6886447
05/04/2017,314.9475655
06/04/2017,328.6923077
07/04/2017,305.4469453
08/04/2017,312.1262799
09/04/2017,308.9420732
10/04/2017,326.0465116
11/04/2017,305.3356401
12/04/2017,320.4237918
13/04/2017,331.5148148
14/04/2017,307.7698413
15/04/2017,301.7751678
16/04/2017,301.8244898
17/04/2017,289.9958678
18/04/2017,305.2481752
19/04/2017,327.6790541
20/04/2017,323.6421405
21/04/2017,307.6968504
22/04/2017,328.6848249
23/04/2017,302.8111888
24/04/2017,322.9704641
25/04/2017,309.4460432
26/04/2017,313.8315412
27/04/2017,317.6867925
28/04/2017,313.8157895
29/04/2017,299.7956989
30/04/2017,312.3550725
01/05/2017,300.2871287
02/05/2017,296.7148594
03/05/2017,318.1973684
04/05/2017,307.6309013
05/05/2017,302.3790614
06/05/2017,312.6508621
07/05/2017,319.7158672
08/05/2017,316.7843866
09/05/2017,295.6359833
10/05/2017,330.4265233
11/05/2017,307.2
12/05/2017,318.7804878
13/05/2017,315.5418327
14/05/2017,305.6928839
15/05/2017,308.7532468
16/05/2017,323.4554795
17/05/2017,311.2781457
18/05/2017,314.0627306
19/05/2017,312.5
20/05/2017,299.8423077
21/05/2017,286.2037037
22/05/2017,298.1363636
23/05/2017,299.4580153
24/05/2017,316.2070175
25/05/2017,331.4232082
26/05/2017,350.4700599
27/05/2017,320.6849817
28/05/2017,304.7049808
29/05/2017,295.3869863
30/05/2017,292.8651685
31/05/2017,298.0311284
01/06/2017,304.6431095
02/06/2017,335.2972973
03/06/2017,307.2092199
04/06/2017,299.1178862
05/06/2017,315.1806167
06/06/2017,295.3490196
07/06/2017,310.7164179
08/06/2017,323.8145161
09/06/2017,321.2608696
10/06/2017,320.4142857
11/06/2017,345.7092199
12/06/2017,294.6736402
13/06/2017,327.5858209
14/06/2017,353.164794
15/06/2017,317
16/06/2017,323.2671233
17/06/2017,330.7478992
18/06/2017,319.0164835
19/06/2017,325.5203837
20/06/2017,333.4794521
21/06/2017,322.3453453
22/06/2017,312.7339744
23/06/2017,323.5256798
24/06/2017,323.8905775
25/06/2017,332.4221453
26/06/2017,315.1340483
27/06/2017,305.0125
28/06/2017,315.9346154
29/06/2017,314.0784314
30/06/2017,305.5292096
01/07/2017,309.9362416
02/07/2017,332.8757576
03/07/2017,323.9298893
04/07/2017,297.6025641
05/07/2017,331.5705128
06/07/2017,315.6325301
07/07/2017,320.6524217
08/07/2017,329.3597734
09/07/2017,318.5493827
10/07/2017,331.558642
11/07/2017,310.2186495
12/07/2017,314.5532646
13/07/2017,344.9469697
14/07/2017,332.2608696
15/07/2017,306.2453532
16/07/2017,302.3611111
17/07/2017,324.7455197
18/07/2017,312.428125
19/07/2017,297.829582
20/07/2017,310.0553506
21/07/2017,315.1514085
22/07/2017,303.92
23/07/2017,284.4834711
24/07/2017,308.3952569
25/07/2017,297.9144981
26/07/2017,306.2173913
27/07/2017,300.4463519
28/07/2017,314.9356061
29/07/2017,299.6816479
30/07/2017,315.4347826
31/07/2017,300.7876448
01/08/2017,304.8613445
02/08/2017,301.2332155
03/08/2017,297.9645669
04/08/2017,287.608365
05/08/2017,300.1381818
06/08/2017,304.8530466
07/08/2017,307.9879518
08/08/2017,314.3783784
09/08/2017,329.1453901
10/08/2017,317.4148936
11/08/2017,315.4560669
12/08/2017,296.5381679
13/08/2017,294.9222222
14/08/2017,296.2064057
15/08/2017,299.0186567
16/08/2017,296.359375
17/08/2017,300.3
18/08/2017,304.3319502
19/08/2017,303.4007782
20/08/2017,304.6048387
21/08/2017,303.4357798
22/08/2017,294.7338129
23/08/2017,300.8255814
24/08/2017,308.9836066
25/08/2017,299.3409836
26/08/2017,290.3309353
27/08/2017,305.8557047
28/08/2017,294.1390977
29/08/2017,301.8488746
30/08/2017,319.6837945
31/08/2017,321.5605536
01/09/2017,307.277193
02/09/2017,309.0150376
03/09/2017,295.1012658
04/09/2017,302.1582734
05/09/2017,306.9834711
06/09/2017,306.8688525
07/09/2017,302.1795918
08/09/2017,295.1586716
09/09/2017,317.2421875
10/09/2017,313.5636364
11/09/2017,295.2798354
12/09/2017,305.9114391
13/09/2017,307.9737991
14/09/2017,329.2755906
15/09/2017,328.7084639
16/09/2017,312.6089965
17/09/2017,317.9061372
18/09/2017,317.4855967
19/09/2017,326.2413793
20/09/2017,312.5075758
21/09/2017,320.9890511
22/09/2017,330.2395833
23/09/2017,322.7152542
24/09/2017,299.8909091
25/09/2017,303.5747126
26/09/2017,303.1006944
27/09/2017,309.1541219
28/09/2017,325.1576923
29/09/2017,318.8091603
30/09/2017,299.7043796
01/10/2017,301.6254682
02/10/2017,311.097561
03/10/2017,317.164
04/10/2017,313.2205323
05/10/2017,304.4296296
06/10/2017,341.2588652
07/10/2017,306.4319066
08/10/2017,297.5608856
09/10/2017,310.8909774
10/10/2017,305.5274262
11/10/2017,308.5871212
12/10/2017,315.7752809
13/10/2017,310.9233716
14/10/2017,312.7767584
15/10/2017,301.0271186
16/10/2017,305.5410448
17/10/2017,306.4618182
18/10/2017,318.9962121
19/10/2017,313.1957295
20/10/2017,296.7811321
21/10/2017,311.649635
22/10/2017,315.2539063
23/10/2017,299.3816254
24/10/2017,304.0484429
25/10/2017,294.2527881
26/10/2017,314.4024896
27/10/2017,316.7581967
28/10/2017,297.2415094
29/10/2017,301.2898551
30/10/2017,300.6642857
31/10/2017,332.8343949
01/11/2017,305.0578231
02/11/2017,323.3275862
03/11/2017,320.3189369
04/11/2017,318.6156156
05/11/2017,332.5093333
06/11/2017,324.7475728
07/11/2017,326.6589862
08/11/2017,313.3333333
09/11/2017,316.6687117
10/11/2017,311.8695652
11/11/2017,295.5639098
12/11/2017,301.0483871
13/11/2017,313.2690763
14/11/2017,297.7834646
15/11/2017,308.203252
16/11/2017,310.8676471
17/11/2017,325.7116788
18/11/2017,318.0538721
19/11/2017,314.5115385
20/11/2017,307.7769231
21/11/2017,303.4698276
22/11/2017,313.6287879
23/11/2017,333.1032028
24/11/2017,325.324
25/11/2017,315.8358663
26/11/2017,300.9283276
27/11/2017,304.7713004
28/11/2017,313.955102
29/11/2017,323.329588
30/11/2017,318.9142857
01/12/2017,318.747331
02/12/2017,327.4636678
03/12/2017,301.5126354
04/12/2017,303.2434457
05/12/2017,317.2059801
06/12/2017,315.7142857
07/12/2017,330.8961039
08/12/2017,314.7357143
09/12/2017,305.7974277
10/12/2017,336.7171717
11/12/2017,311.5097276
12/12/2017,334.1701389
13/12/2017,321.9578947
14/12/2017,335.7272727
15/12/2017,312.141844
16/12/2017,319.0242915
17/12/2017,306.0464135
18/12/2017,316.1215686
19/12/2017,315.8703704
20/12/2017,327.2167832
21/12/2017,307.4922481
22/12/2017,307.2727273
23/12/2017,316.8197425
24/12/2017,309.1009174
25/12/2017,288.0259259
26/12/2017,295.2604651
27/12/2017,286.5955556
28/12/2017,291.5714286
29/12/2017,300.7738095
30/12/2017,305.7902622
31/12/2017,290.1165414
01/01/2018,286.1685824
02/01/2018,301.8844444
03/01/2018,302.9183673
04/01/2018,293.793578
05/01/2018,302.1566265
06/01/2018,292.4628099
07/01/2018,297.7735849
08/01/2018,312.7566372
09/01/2018,304.7383178
10/01/2018,311.9525862
11/01/2018,307.3457944
12/01/2018,307
13/01/2018,295.0396476
14/01/2018,290.1160714
15/01/2018,313.3489362
16/01/2018,300.4417476
17/01/2018,322.1474104
18/01/2018,313.7455197
19/01/2018,343.0235294
20/01/2018,311.6692913
21/01/2018,295.0405904
22/01/2018,312.3138075
23/01/2018,308.2385321
24/01/2018,308.7307692
25/01/2018,324.5848214
26/01/2018,314.9297521
27/01/2018,307.507874
28/01/2018,294.3636364
29/01/2018,285.4356436
30/01/2018,332.1621622
31/01/2018,341.8071749
01/02/2018,322.4708333
02/02/2018,309.7384615
03/02/2018,303.8893617
04/02/2018,294.0327869
05/02/2018,306.6816327
06/02/2018,309.3019608
07/02/2018,304.4938272
08/02/2018,304.7075099
09/02/2018,295.1826087
10/02/2018,295.1814672
11/02/2018,288.5491803
12/02/2018,303
13/02/2018,356.0187793
14/02/2018,320.0603448
15/02/2018,312.8177778
16/02/2018,320.3372093
17/02/2018,314.3421927
18/02/2018,314.9867257
19/02/2018,327.9453782
20/02/2018,316.752381
21/02/2018,318.6916996
22/02/2018,303.8214286
23/02/2018,328.2276786
24/02/2018,315.5866667
25/02/2018,303.7049689
26/02/2018,300.7333333
27/02/2018,322.2653061
28/02/2018,336.7241379
01/03/2018,338.1278539
02/03/2018,362.128
03/03/2018,360.0505837
04/03/2018,307.077748
05/03/2018,316.1174377
06/03/2018,315.447099
07/03/2018,316.8903654
08/03/2018,324.269962
09/03/2018,319.7575758
10/03/2018,309.5564516
11/03/2018,299.9223301
12/03/2018,308.3705357
13/03/2018,329.7385892
14/03/2018,321.6303318
15/03/2018,320.8
16/03/2018,317.1807229
17/03/2018,317.7711864
18/03/2018,296.7543103
19/03/2018,300.7011952
20/03/2018,312.2366071
21/03/2018,310.492126
22/03/2018,302.6339286
23/03/2018,309.1772727
24/03/2018,298.9759036
25/03/2018,312.7142857
26/03/2018,307.4754098
27/03/2018,320.4017094
28/03/2018,313.9205021
29/03/2018,306.3858921
30/03/2018,272.6493506
31/03/2018,287.088785
01/04/2018,286.7887324
02/04/2018,271.3846154
03/04/2018,306.6088889
04/04/2018,322.25
05/04/2018,303.2650602
06/04/2018,303.0168776
07/04/2018,297.8759124
08/04/2018,303.3661972
09/04/2018,297.8591549
10/04/2018,312.0096618
11/04/2018,289.1894273
12/04/2018,289.1967213
13/04/2018,313.6118721
14/04/2018,288.3884615
15/04/2018,283.815534
16/04/2018,307.2222222
17/04/2018,301.7974684
18/04/2018,318.6888889
19/04/2018,306.6878788
20/04/2018,319.4398734
21/04/2018,315.6482759
22/04/2018,294.3143939
23/04/2018,311.3293651
24/04/2018,317.9151786
25/04/2018,311.3966942
26/04/2018,316.1643836
27/04/2018,303.4941176
28/04/2018,297.7751938
29/04/2018,286.2672414
30/04/2018,305.2222222
01/05/2018,305.704918
02/05/2018,300.1806167
03/05/2018,313.8093385
04/05/2018,309.1227437
05/05/2018,300.7956656
06/05/2018,305.4413793
07/05/2018,301.2356495
08/05/2018,317.9615385
09/05/2018,306.6775362
10/05/2018,311.0301887
11/05/2018,307.4802867
12/05/2018,290.9881423
13/05/2018,289.8
14/05/2018,304.4416961
15/05/2018,301.2446809
16/05/2018,306.6199095
17/05/2018,302.0285714
18/05/2018,310.0819672
19/05/2018,308.0313589
20/05/2018,328.1821429
21/05/2018,304.6
22/05/2018,317.4806202
23/05/2018,330.1034483
24/05/2018,319.4366197
25/05/2018,321.0254237
26/05/2018,324.012012
27/05/2018,298.0336391
28/05/2018,297.757764
29/05/2018,335.4969512
30/05/2018,300.375
31/05/2018,301.9520295
01/06/2018,315.430605
02/06/2018,305.1530612
03/06/2018,331.668
04/06/2018,295.0327869
05/06/2018,298.3230769
06/06/2018,328.893617
07/06/2018,305.6847826
08/06/2018,317.6895307
09/06/2018,309.2424242
10/06/2018,299.2113208
11/06/2018,317.5654952
12/06/2018,301.7635659
13/06/2018,330.9621212
14/06/2018,306.2243346
15/06/2018,310.01
16/06/2018,324.2742475
17/06/2018,301.6218487
18/06/2018,295.1516393
19/06/2018,308.1333333
20/06/2018,307.9270073
21/06/2018,339.7175325
22/06/2018,313.3714286
23/06/2018,330.3595506
24/06/2018,311.4849315
25/06/2018,332.3835616
26/06/2018,336.0469208
27/06/2018,337.7222222
28/06/2018,322.9906832
29/06/2018,320.4852071
30/06/2018,323.0339506
01/07/2018,300.2222222
02/07/2018,354.1491443
03/07/2018,342.9132791
04/07/2018,340.839779
05/07/2018,324.3169935
06/07/2018,328.1614583
07/07/2018,335.759901
08/07/2018,318.0193906
09/07/2018,323.1067961
10/07/2018,338.9803279
11/07/2018,330.5789474
12/07/2018,318.5948553
13/07/2018,374.4195251
14/07/2018,344.4613095
15/07/2018,356.9803922
16/07/2018,364.4159292
17/07/2018,330.1239193
18/07/2018,338.0228571
19/07/2018,326.4173669
20/07/2018,337.2903226
21/07/2018,325.2891892
22/07/2018,312.3435374
23/07/2018,342.1344538
24/07/2018,327.4085714
25/07/2018,322.2682927
26/07/2018,356.5392405
27/07/2018,344.4663212
28/07/2018,350.2477876
29/07/2018,330.011194
30/07/2018,309.5567766
31/07/2018,305.2752613
01/08/2018,319.4375
02/08/2018,306.0449827
03/08/2018,327.6569579
04/08/2018,326.0090361
05/08/2018,346.1274788
06/08/2018,325.6246246
07/08/2018,324.2993631
08/08/2018,310.4801325
09/08/2018,320.5703971
10/08/2018,303.1703704
11/08/2018,298.7379032
12/08/2018,302.3491379
13/08/2018,308.5873606
14/08/2018,312.8682171
15/08/2018,303.3549618
16/08/2018,311.4468864
17/08/2018,305.762963
18/08/2018,286.4770992
19/08/2018,302.0645161
20/08/2018,299.0551471
21/08/2018,305.4740741
22/08/2018,305.1899225
23/08/2018,305.137931
24/08/2018,309.9291339
25/08/2018,293.359589
26/08/2018,298.9900332
27/08/2018,297.892
28/08/2018,304.2862595
29/08/2018,289.1983806
30/08/2018,301.418251
31/08/2018,298.3649635
01/09/2018,309.732899
02/09/2018,302.7204301
03/09/2018,300.8616601
04/09/2018,310.5267176
05/09/2018,315.4732824
06/09/2018,301.8255814
07/09/2018,320.2607143
08/09/2018,312.1263941
09/09/2018,299.6240602
10/09/2018,297.526087
11/09/2018,303.0734266
12/09/2018,315.8726592
13/09/2018,325.5714286
14/09/2018,314.8464567
15/09/2018,295.734767
16/09/2018,314.1487603
17/09/2018,306.7889273
18/09/2018,305.7403101
19/09/2018,306.384127
20/09/2018,302.8303887
21/09/2018,309.7684564
22/09/2018,306.7683398
23/09/2018,305.9927798
24/09/2018,306.6585366
25/09/2018,317.3027211
26/09/2018,314.0981013
27/09/2018,312.8784195
28/09/2018,309.0899281
29/09/2018,320.7375887
30/09/2018,305.5703422
01/10/2018,308.6666667
02/10/2018,313.9105058
03/10/2018,317.5331126
04/10/2018,317.8715278
05/10/2018,313.4517375
06/10/2018,325.6969697
07/10/2018,299.5755102
08/10/2018,307.693662
09/10/2018,311.3785714
10/10/2018,303.7292419
11/10/2018,318.7704918
12/10/2018,310.5495868
13/10/2018,310.3224756
14/10/2018,309.939759
15/10/2018,300.2724458
16/10/2018,320.9280576
17/10/2018,303.4439834
18/10/2018,300.5106383
19/10/2018,305.5245902
20/10/2018,306.8277027
21/10/2018,303.6172414
22/10/2018,306.2613636
23/10/2018,303.7148438
24/10/2018,315.0892857
25/10/2018,316.2616034
26/10/2018,308.0110701
27/10/2018,302.8169492
28/10/2018,293.0996016
29/10/2018,304.0067797
30/10/2018,298.2151394
31/10/2018,322.0448718
01/11/2018,330.1318681
02/11/2018,334.325
03/11/2018,329.0558824
04/11/2018,328.396875
05/11/2018,319.6253369
06/11/2018,316
07/11/2018,318.6603774
08/11/2018,309.4068441
09/11/2018,320.6141732
10/11/2018,310.9792388
11/11/2018,304.608365
12/11/2018,312.3976834
13/11/2018,313.484
14/11/2018,310.7960784
15/11/2018,322.743295
16/11/2018,322.2738095
17/11/2018,314.0736434
18/11/2018,310.0521739
19/11/2018,304.8604651
20/11/2018,332.1395349
21/11/2018,312.2336066
22/11/2018,340.6190476
23/11/2018,329.5328947
24/11/2018,311.7987013
25/11/2018,322.2076271
26/11/2018,309.9166667
27/11/2018,308.4238683
28/11/2018,325.1717557
29/11/2018,306.4310954
30/11/2018,322.0351563
01/12/2018,310.473251
02/12/2018,300.5018727
03/12/2018,304.0711297
04/12/2018,310.7294118
05/12/2018,328.7546468
06/12/2018,322.6568266
07/12/2018,331.9808429
08/12/2018,310.8
09/12/2018,299.9958506
10/12/2018,301.4338843
11/12/2018,311.7647059
12/12/2018,320.011583
13/12/2018,309.1523438
14/12/2018,314.1156463
15/12/2018,327.33
16/12/2018,312.5515695
17/12/2018,317.9694656
18/12/2018,321.7349398
19/12/2018,329.5791667
20/12/2018,313.1097046
21/12/2018,330.5886792
22/12/2018,308.5114155
23/12/2018,291.2775665
24/12/2018,311.4870849
25/12/2018,280.4852321
26/12/2018,288.8324324
27/12/2018,302.2627119
28/12/2018,295.029703
29/12/2018,285.0754717
30/12/2018,287.9398148
31/12/2018,293.987069
01/01/2019,321.1549296
02/01/2019,300.6396396
03/01/2019,303.045045
04/01/2019,298.5714286
05/01/2019,302.6610879
06/01/2019,298.4026549
07/01/2019,299.1943128
08/01/2019,305.2904564
09/01/2019,308.5
10/01/2019,311.6434783
11/01/2019,304.9724771
12/01/2019,297.8693694
13/01/2019,321.2352941
14/01/2019,299.4714286
15/01/2019,315.6478261
16/01/2019,316.7220077
17/01/2019,307.0161943
18/01/2019,308.844358
19/01/2019,308.340081
20/01/2019,303.3556485
21/01/2019,314.8548387
22/01/2019,325.3833333
23/01/2019,301.352
24/01/2019,312.6914498
25/01/2019,314.5
26/01/2019,316.0389105
27/01/2019,297.787234
28/01/2019,326.8275862
29/01/2019,316.8695652
30/01/2019,316.5810811
31/01/2019,318.6111111
01/02/2019,322.3731343
02/02/2019,309.5635593
03/02/2019,301.78327
04/02/2019,321.4504132
05/02/2019,308.5588235
06/02/2019,301.0684411
07/02/2019,317.4225941
08/02/2019,323.2930233
09/02/2019,297.9618321
10/02/2019,299.6598985
11/02/2019,317.400722
12/02/2019,313.9507576
13/02/2019,324.0974576
14/02/2019,316.8481013
15/02/2019,307.876652
16/02/2019,302.7938596
17/02/2019,300.7
18/02/2019,300.1082251
19/02/2019,313.3404255
20/02/2019,300.6803279
21/02/2019,308.3449612
22/02/2019,323.4313725
23/02/2019,310.2794118
24/02/2019,306.120155
25/02/2019,315.6329588
26/02/2019,308.0352941
27/02/2019,307.8264151
28/02/2019,293.8828829
01/03/2019,297.8285714
02/03/2019,320.7638889
03/03/2019,319.6682028
04/03/2019,300.9013453
05/03/2019,303.4131274
06/03/2019,314.4703196
07/03/2019,317.1904762
08/03/2019,292.7047244
09/03/2019,315.1239669
10/03/2019,325.8505155
11/03/2019,309.2910448
12/03/2019,301.827451
13/03/2019,309.9784483
14/03/2019,304.0327869
15/03/2019,317.9338843
16/03/2019,309.712766
17/03/2019,316.4094828
18/03/2019,307.5675676
19/03/2019,316.3901515
20/03/2019,310.0128755
21/03/2019,307.7827869
22/03/2019,306.7556561
23/03/2019,310.2425373
24/03/2019,315.6791667
25/03/2019,322.2947368
26/03/2019,314.2316176
27/03/2019,341.7801418
28/03/2019,317.2608696
29/03/2019,314.8880866
30/03/2019,294.8683274
31/03/2019,319.8032787
01/04/2019,314.1660232
02/04/2019,324.3766234
03/04/2019,293.6204082
04/04/2019,309.702381
05/04/2019,297.2808511
06/04/2019,304.0482456
07/04/2019,291.9909502
08/04/2019,308.4130435
09/04/2019,301.7870722
10/04/2019,310.7186147
11/04/2019,308.4113208
12/04/2019,318.4579832
13/04/2019,300.8192308
14/04/2019,291.2153846
15/04/2019,306.6386861
16/04/2019,330.6031746
17/04/2019,297.0590406
18/04/2019,302.4929078
19/04/2019,290.9964789
20/04/2019,319.8133803
21/04/2019,297.8869258
22/04/2019,293.295203
23/04/2019,299.7689769
24/04/2019,327.0193798
25/04/2019,321.6194332
26/04/2019,309.6764706
27/04/2019,312.8865979
28/04/2019,313.627451
29/04/2019,294.5112782
30/04/2019,338.954023
01/05/2019,319.045283
02/05/2019,309.3582677
03/05/2019,321.8282443
04/05/2019,316.049505
05/05/2019,301.2861953
06/05/2019,306.4980843
07/05/2019,299.6124567
08/05/2019,303.8786611
09/05/2019,309.1515152
10/05/2019,296.296
11/05/2019,307.5428571
12/05/2019,295.9182879
13/05/2019,310.0942029
14/05/2019,318.3646617
15/05/2019,323.7439446
16/05/2019,331.6360544
17/05/2019,315.3059701
18/05/2019,305.7945736
19/05/2019,293.0436508
20/05/2019,309.6566038
21/05/2019,313.5992509
22/05/2019,317.0939597
23/05/2019,358.8874598
24/05/2019,342.1006289
25/05/2019,307.5357143
26/05/2019,311.8394649
27/05/2019,296.4584838
28/05/2019,318.8534799
29/05/2019,307.6367041
30/05/2019,301.4156863
31/05/2019,307.6075949
01/06/2019,312.4827586
02/06/2019,298.170088
03/06/2019,321.6617647
04/06/2019,318.1192308
05/06/2019,313.7607143
06/06/2019,323.9166667
07/06/2019,324.5785124
08/06/2019,317.5105634
09/06/2019,371.5535055
10/06/2019,346.290566
11/06/2019,337.6917293
12/06/2019,328.8294314
13/06/2019,309.2130435
14/06/2019,319.1890034
15/06/2019,296.2895753
16/06/2019,298.8284672
17/06/2019,305.1461538
18/06/2019,305.8617512
19/06/2019,306.749004
20/06/2019,312.7017544
21/06/2019,310.0441176
22/06/2019,319.3650794
23/06/2019,312.8961938
24/06/2019,306.6013072
25/06/2019,314.0060606
26/06/2019,299.1438849
27/06/2019,322.5681818
28/06/2019,329.1090909
29/06/2019,325.6896552
30/06/2019,306.1541096
01/07/2019,315.8509317
02/07/2019,318.0484429
03/07/2019,311.3503185
04/07/2019,319.5519288
05/07/2019,332.1482558
06/07/2019,336.3457944
07/07/2019,307.3139932
08/07/2019,330.456446
09/07/2019,319.7391304
10/07/2019,328.4738562
11/07/2019,325.2948718
12/07/2019,322.7597403
13/07/2019,312.3878205
14/07/2019,304.2553191
15/07/2019,315.8935484
16/07/2019,319.74
17/07/2019,312.7003367
18/07/2019,315.5704225
19/07/2019,301.835443
20/07/2019,313.2013889
21/07/2019,286.7041199
22/07/2019,327.4433657
23/07/2019,316.6551724
24/07/2019,312.9663609
25/07/2019,333.8123515
26/07/2019,324.0034247
27/07/2019,325.1533742
28/07/2019,293.0826772
29/07/2019,323.2278912
30/07/2019,309.6746032
31/07/2019,307.197026
01/08/2019,301.8158845
02/08/2019,307.3209877
03/08/2019,291.4503817
04/08/2019,318.8150943
05/08/2019,294.6653992
06/08/2019,294.8296296
07/08/2019,300.0131148
08/08/2019,321.4270073
09/08/2019,309.1585761
10/08/2019,323.1754967
11/08/2019,286.1944444
12/08/2019,329.5280528
13/08/2019,318.4780876
14/08/2019,324.7201365
15/08/2019,310.9849624
16/08/2019,303.3140794
17/08/2019,288.5532787
18/08/2019,295.9965986
19/08/2019,312.6666667
20/08/2019,314.8954704
21/08/2019,309.378882
22/08/2019,322.1102662
23/08/2019,311.0996785
24/08/2019,316.4417178
25/08/2019,313.026087
26/08/2019,323.0855457
27/08/2019,318.3428571
28/08/2019,311.5467626
29/08/2019,316.3543046
30/08/2019,307.6787004
31/08/2019,310.3584906
01/09/2019,307.7632509
02/09/2019,317.9800664
03/09/2019,330.2313433
04/09/2019,314.4615385
05/09/2019,310.15625
06/09/2019,306.0882353
07/09/2019,323.5714286
08/09/2019,307.96
09/09/2019,333.4428044
10/09/2019,310.8957529
11/09/2019,307.7559322
12/09/2019,301.8178571
13/09/2019,331.3531157
14/09/2019,325.7217391
15/09/2019,318.0564263
16/09/2019,308.8105263
17/09/2019,329.7044025
18/09/2019,320.6635802
19/09/2019,320.2517241
20/09/2019,332.0175439
21/09/2019,315.1023891
22/09/2019,302.1541096
23/09/2019,308.0501931
24/09/2019,347.644385
25/09/2019,317.3264605
26/09/2019,327.6619217
27/09/2019,316.937931
28/09/2019,318.0322581
29/09/2019,311.6802974
30/09/2019,310.1367521
01/10/2019,338.3706667
02/10/2019,311.8549383
03/10/2019,320.7122807
04/10/2019,313.5555556
05/10/2019,310.4040404
06/10/2019,298.4983165
07/10/2019,302.4388489
08/10/2019,315.4007353
09/10/2019,316.8533835
10/10/2019,334.0398671
11/10/2019,329.5117057
12/10/2019,326.4716981
13/10/2019,316.9155844
14/10/2019,316.2525597
15/10/2019,320.4792453
16/10/2019,296.1083032
17/10/2019,311.0204918
18/10/2019,321.9841897
19/10/2019,319.6917808
20/10/2019,288.2857143
21/10/2019,297.3076923
22/10/2019,307.1985816
23/10/2019,316.3071429
24/10/2019,313.527881
25/10/2019,332.032967
26/10/2019,300.8555133
27/10/2019,309.9502924
28/10/2019,299.8714286
29/10/2019,309.3563636
30/10/2019,298.1755102
31/10/2019,318.3322259
01/11/2019,315.24
02/11/2019,318.8878505
03/11/2019,285.7061069
04/11/2019,317.9097473
05/11/2019,331.2072368
06/11/2019,316.5574913
07/11/2019,305.7091633
08/11/2019,326.8512658
09/11/2019,312.7012579
10/11/2019,304.6571429
11/11/2019,311.4085603
12/11/2019,300.9656357
13/11/2019,322.2117647
14/11/2019,312.906015
15/11/2019,319.8763251
16/11/2019,297.5577558
17/11/2019,318.9777778
18/11/2019,310.6226415
19/11/2019,306.7773973
20/11/2019,313.59375
21/11/2019,320.641115
22/11/2019,308.0915751
23/11/2019,306.8888889
24/11/2019,309.4067797
25/11/2019,299.9117647
26/11/2019,322.1842105
27/11/2019,319.7262357
28/11/2019,319.9224806
29/11/2019,321.2953737
30/11/2019,314.4495114
01/12/2019,314.8671587
02/12/2019,312.5064516
03/12/2019,321.8076923
04/12/2019,334.7147436
05/12/2019,327.6459854
06/12/2019,319.5703422
07/12/2019,304.9057239
08/12/2019,298.7951807
09/12/2019,316.527027
10/12/2019,329.7038462
11/12/2019,312.7391304
12/12/2019,341.3929961
13/12/2019,337.0708955
14/12/2019,321.0618182
15/12/2019,299.7709091
16/12/2019,311.062963
17/12/2019,318.3092369
18/12/2019,314.4980237
19/12/2019,321.7125984
20/12/2019,333.7603834
21/12/2019,316.4681648
22/12/2019,309.8793774
23/12/2019,314.6434109
24/12/2019,284.5042735
25/12/2019,280.5384615
26/12/2019,276.7767857
27/12/2019,308.6848249
28/12/2019,281.3839662
29/12/2019,294.72
30/12/2019,304.5155556
31/12/2019,289.7241379
01/01/2020,287.5645161
02/01/2020,293.3091787
03/01/2020,291.691358
04/01/2020,309.2164948
05/01/2020,282.5818966
06/01/2020,290.922449
07/01/2020,303.064257
08/01/2020,299.9480519
09/01/2020,292.4801587
10/01/2020,300.9620253
11/01/2020,304.3049327
12/01/2020,304.4254386
13/01/2020,296.122807
14/01/2020,311.8790323
15/01/2020,306.869258
16/01/2020,306.5682819
17/01/2020,314.5021645
18/01/2020,300.4661654
19/01/2020,286.637037
20/01/2020,319.5089606
21/01/2020,318.0034364
22/01/2020,321.8893443
23/01/2020,298.7176471
24/01/2020,333.593361
25/01/2020,324.6756757
26/01/2020,308.9254386
27/01/2020,314.6694215
28/01/2020,303.4868421
29/01/2020,287.325
30/01/2020,323.5517241
31/01/2020,310.5242291
01/02/2020,300.4701195
02/02/2020,303.7744681
03/02/2020,296.369863
04/02/2020,302.493617
05/02/2020,291.2669039
06/02/2020,305.2740741
07/02/2020,326.4948805
08/02/2020,318.9604317
09/02/2020,339.5702128
10/02/2020,307.7447552
11/02/2020,318.5
12/02/2020,304.9180328
13/02/2020,301.1983806
14/02/2020,306.6330645
15/02/2020,306.0229508
16/02/2020,324.7
17/02/2020,296.6222222
18/02/2020,308.3348214
19/02/2020,320.2653061
20/02/2020,313.9957806
21/02/2020,312.1259843
22/02/2020,293.6628352
23/02/2020,301.0377358
24/02/2020,311.3782609
25/02/2020,310.75
26/02/2020,329.0655738
27/02/2020,330.6961538
28/02/2020,308.9035088
29/02/2020,301.4618644
01/03/2020,313.083004
02/03/2020,301.027668
03/03/2020,327.5479452
04/03/2020,326.8455285
05/03/2020,328.5863454
06/03/2020,325.3020134
07/03/2020,301.6067416
08/03/2020,289.3349282
09/03/2020,312.6445313
10/03/2020,308.2367347
11/03/2020,303.5313808
12/03/2020,317.2885375
13/03/2020,302.4163424
14/03/2020,296.4680851
15/03/2020,296.8333333
16/03/2020,302.0984252
17/03/2020,301.1842105
18/03/2020,297.1645022
19/03/2020,312.5384615
20/03/2020,307.8032129
21/03/2020,285.3675889
22/03/2020,282.3362445
23/03/2020,288.5917603
24/03/2020,284.487069
25/03/2020,276.4940711
26/03/2020,284.5745455
27/03/2020,292.7625
28/03/2020,284.4065421
29/03/2020,280.2392157
30/03/2020,270.1622807
31/03/2020,270.7688889
01/04/2020,286.8695652
02/04/2020,268.8597561
03/04/2020,279.9306122
04/04/2020,285.9875519
05/04/2020,290.5791506
06/04/2020,282.4405286
07/04/2020,282.4808511
08/04/2020,291.1169355
09/04/2020,276.0967742
10/04/2020,296.4763948
11/04/2020,279.1428571
12/04/2020,284.1578947
13/04/2020,280.9745763
14/04/2020,274.6230366
15/04/2020,279.5315315
16/04/2020,300.7366071
17/04/2020,272.3874346
18/04/2020,274.0307692
19/04/2020,271.543379
20/04/2020,285.1759657
21/04/2020,295.5858586
22/04/2020,274.3668122
23/04/2020,294.3307692
24/04/2020,292.552
25/04/2020,267.9786325
26/04/2020,284.9041667
27/04/2020,268.4009009
28/04/2020,273.4460784
29/04/2020,288.3626943
30/04/2020,280.1351351
01/05/2020,271.9850746
02/05/2020,259.9619048
03/05/2020,268.2196532
04/05/2020,277.7251462
05/05/2020,271.0233645
06/05/2020,278.4414414
07/05/2020,265.5423729
08/05/2020,283.7480315
09/05/2020,284.884
10/05/2020,279.2948718
11/05/2020,292.3779528
12/05/2020,277.9493671
13/05/2020,286.9082969
14/05/2020,288.2985782
15/05/2020,300.2490842
16/05/2020,291.1853282
17/05/2020,288.0611354
18/05/2020,293.9044118
19/05/2020,286.9187279
20/05/2020,292.5470383
21/05/2020,287.7104478
22/05/2020,289.2693603
23/05/2020,299.2133758
24/05/2020,287.7867647
25/05/2020,280.4519573
26/05/2020,292.5310345
27/05/2020,284.5661157
28/05/2020,305.2225705
29/05/2020,317.647482
30/05/2020,311.460815
31/05/2020,301.2953846
01/06/2020,310.7290323
02/06/2020,294.2673611
03/06/2020,288.2375479
04/06/2020,282.7357724
05/06/2020,308.8174905
06/06/2020,286.8767123
07/06/2020,277.2112676
08/06/2020,283.8294931
09/06/2020,282.0367347
10/06/2020,280.0666667
11/06/2020,282.5731707
12/06/2020,284.7692308
13/06/2020,293.2107143
14/06/2020,300.2932331
15/06/2020,300.5962264
16/06/2020,284.5263158
17/06/2020,311.370229
18/06/2020,280.3580247
19/06/2020,295.7961538
20/06/2020,285.6388889
21/06/2020,282.7991632
22/06/2020,297.8661088
23/06/2020,289.1769231
24/06/2020,309.6336634
25/06/2020,300.0189274
26/06/2020,329.0611621
27/06/2020,296.0257353
28/06/2020,297.6439394
29/06/2020,283.7554585
30/06/2020,299.5458333
01/07/2020,278.7113402
02/07/2020,285.6558704
03/07/2020,307.4285714
04/07/2020,283.487069
05/07/2020,288.9855072
06/07/2020,274.382716
07/07/2020,318.3891051
08/07/2020,297.7637795
09/07/2020,279.4464286
10/07/2020,290.9840637
11/07/2020,293.7386364
12/07/2020,281.959854
13/07/2020,310.2304688
14/07/2020,306.6423077
15/07/2020,307.8312757
16/07/2020,310.7208481
17/07/2020,310.6043956
18/07/2020,306.4584718
19/07/2020,290.0941704
20/07/2020,289.9118774
21/07/2020,301.4223827
22/07/2020,323.6531987
23/07/2020,328.69279
24/07/2020,295.6909722
25/07/2020,286.8008299
26/07/2020,281.2040816
27/07/2020,291.796
28/07/2020,307.1399177
29/07/2020,322.1910112
30/07/2020,308.5192308
31/07/2020,326.8222892
01/08/2020,324.7891738
02/08/2020,299.5687732
03/08/2020,306.2540984
04/08/2020,323.3003534
05/08/2020,312.7527273
06/08/2020,304.8267974
07/08/2020,332.6980609
08/08/2020,322.2426036
09/08/2020,309.1055901
10/08/2020,329.6918605
11/08/2020,312.4451039
12/08/2020,318.4164384
13/08/2020,332.3545706
14/08/2020,309.457265
15/08/2020,334.0027624
16/08/2020,334.747191
17/08/2020,297.4194757
18/08/2020,295.529661
19/08/2020,305.989011
20/08/2020,308.6275862
21/08/2020,294.5416667
22/08/2020,288.874552
23/08/2020,284.1585903
24/08/2020,321.3460208
25/08/2020,295.5509434
26/08/2020,314.2269231
27/08/2020,313.1524823
28/08/2020,315.5695652
29/08/2020,301.1286765
30/08/2020,288.5412844
31/08/2020,289.5740072
01/09/2020,310.7351916
02/09/2020,296.1179039
03/09/2020,300.8876404
04/09/2020,313.4384615
05/09/2020,294.4430894
06/09/2020,309.2284768
07/09/2020,296.5443548
08/09/2020,300.4931034
09/09/2020,305.4705882
10/09/2020,301.7173145
11/09/2020,322.4246032
12/09/2020,298.1984127
13/09/2020,306.75
14/09/2020,322.8114478
15/09/2020,322.2948718
16/09/2020,290.1923077
17/09/2020,302.5510949
18/09/2020,338.392283
19/09/2020,304.0725552
20/09/2020,305.340824
21/09/2020,310.552901
22/09/2020,316.7664474
23/09/2020,300.5346154
24/09/2020,301.8493724
25/09/2020,335.3687708
26/09/2020,297.5543071
27/09/2020,289.6182573
28/09/2020,301.5807692
29/09/2020,309.9306569
30/09/2020,277.3828829
01/10/2020,311.7695167
02/10/2020,314.0879479
03/10/2020,315.8606965
04/10/2020,309.0397112
05/10/2020,299.5898438
06/10/2020,302.1132813
07/10/2020,316.5827338
08/10/2020,304.6420233
09/10/2020,320.2583333
10/10/2020,301.016129
11/10/2020,295.1590909
12/10/2020,315.6949153
13/10/2020,309.543379
14/10/2020,293.4853556
15/10/2020,300.6480687
16/10/2020,308.3320463
17/10/2020,296.4149378
18/10/2020,293.9341564
19/10/2020,318.7717391
20/10/2020,302.5135135
21/10/2020,313.3490196
22/10/2020,289.3203463
23/10/2020,315.3389121
24/10/2020,311.9006849
25/10/2020,293.2159091
26/10/2020,312.8933333
27/10/2020,292.8521739
28/10/2020,324.1037344
29/10/2020,311.8232759
30/10/2020,299.095057
31/10/2020,304.28223
01/11/2020,280.87251
02/11/2020,297.1774744
03/11/2020,322.92607
04/11/2020,334.6797386
05/11/2020,303.688946
06/11/2020,304.2281879
07/11/2020,308.3645833
08/11/2020,282.5882353
09/11/2020,301.6236162
10/11/2020,306.9647059
11/11/2020,311.5791667
12/11/2020,294.027027
13/11/2020,303.3138075
14/11/2020,291.295
15/11/2020,293.3195021
16/11/2020,277.4527363
17/11/2020,288.549505
18/11/2020,292.3898305
19/11/2020,296.9633028
20/11/2020,297.1936937
21/11/2020,288.9347826
22/11/2020,292.279476
23/11/2020,294.1428571
24/11/2020,300.4953271
25/11/2020,302.9170124
26/11/2020,297.3608696
27/11/2020,298.2059925
28/11/2020,294.6803279
29/11/2020,282.5228216
30/11/2020,306.322449
01/12/2020,309.2943548
02/12/2020,303.12749
03/12/2020,303.8455285
04/12/2020,323.6788618
05/12/2020,293.8318966
06/12/2020,296.7792208
07/12/2020,304.1606426
08/12/2020,301.3474903
09/12/2020,290.5288889
10/12/2020,317.0622407
11/12/2020,322.8715953
12/12/2020,308.9836066
13/12/2020,304.523622
14/12/2020,332.8973214
15/12/2020,315.2723404
16/12/2020,314.2577778
17/12/2020,297.5284974
18/12/2020,309.1235521
19/12/2020,311.8348214
20/12/2020,298.7772512
21/12/2020,290.273913
22/12/2020,298.0470085
23/12/2020,300.4514768
24/12/2020,316.1358491
25/12/2020,298.7952218
26/12/2020,292.6431925
27/12/2020,289.9498069
28/12/2020,294.4504132
29/12/2020,280.6486486
30/12/2020,297.932
31/12/2020,287.2847222
01/01/2021,308.6730769
02/01/2021,283.4851064
03/01/2021,291.1315789
04/01/2021,291.02
05/01/2021,297.8695652
06/01/2021,286.3697917
07/01/2021,289.1535433
08/01/2021,295.4511278
09/01/2021,298.9196787
10/01/2021,286.9923664
11/01/2021,306.6470588
12/01/2021,280.2476636
13/01/2021,291.6098655
14/01/2021,298.8373016
15/01/2021,280.5092593
16/01/2021,282.6263736
17/01/2021,294.4371585
18/01/2021,296.4299517
19/01/2021,303.4018265
20/01/2021,309.2019704
21/01/2021,299.3705584
22/01/2021,297.3461538
23/01/2021,290.2964602
24/01/2021,304.9059406
25/01/2021,291.1342593
26/01/2021,294.4029851
27/01/2021,310.0230415
28/01/2021,298.845815
29/01/2021,287.6937269
30/01/2021,297.8333333
31/01/2021,283.6715686
01/02/2021,282.0816327
02/02/2021,301.7294686
03/02/2021,291.2908163
04/02/2021,299.2666667
05/02/2021,303.6422018
06/02/2021,292.2511416
07/02/2021,276.2985782
08/02/2021,318.7184874
09/02/2021,294.4267782
10/02/2021,304.8130081
11/02/2021,317.2508143
12/02/2021,319.4310345
13/02/2021,319.5307918
14/02/2021,297.4836364
15/02/2021,285.6120996
16/02/2021,292.4261603
17/02/2021,297.2276786
18/02/2021,297.3384615
19/02/2021,301.563786
20/02/2021,304.1574803
21/02/2021,284.8193277
22/02/2021,287.296875
23/02/2021,289.3843137
24/02/2021,294.311284
25/02/2021,297.6945607
26/02/2021,311.2421053
27/02/2021,304.0702479
28/02/2021,292.5807692
01/03/2021,300.5510204
02/03/2021,288.6309963
03/03/2021,292.5497835
04/03/2021,288.2
05/03/2021,315.9684685
06/03/2021,296.8101266
07/03/2021,302.0465116
08/03/2021,303.1789883
09/03/2021,290.045082
10/03/2021,305.0095694
11/03/2021,313.2946058
12/03/2021,286.5954545
13/03/2021,303.3020408
14/03/2021,286.1435644
15/03/2021,302.8515284
16/03/2021,306.9457014
17/03/2021,286.3967611
18/03/2021,295.6912442
19/03/2021,304.6412214
20/03/2021,300.2570281
21/03/2021,291.9751037
22/03/2021,302.1046512
23/03/2021,301.0173913
24/03/2021,309.5945946
25/03/2021,301.6578947
26/03/2021,307.4
27/03/2021,294.7370518
28/03/2021,295.1778846
29/03/2021,295.1584507
30/03/2021,303.8018868
31/03/2021,290.0947368
01/04/2021,329.919708
02/04/2021,306.1134752
03/04/2021,286.7177419
04/04/2021,304.8134921
05/04/2021,298.6978417
06/04/2021,306.7283019
07/04/2021,312.7640449
08/04/2021,313.4166667
09/04/2021,311.4014599
10/04/2021,303.5212355
11/04/2021,291.8992537
12/04/2021,302.0916031
13/04/2021,306.6174242
14/04/2021,305.0449827
15/04/2021,304.8247012
16/04/2021,335.3954373
17/04/2021,305.6925676
18/04/2021,299.26
19/04/2021,307.5775194
20/04/2021,313.2140351
21/04/2021,308.1330645
22/04/2021,310.0074074
23/04/2021,331.2720848
24/04/2021,309.0544218
25/04/2021,293.5104167
26/04/2021,291.5644599
27/04/2021,305.7381818
28/04/2021,310.121673
29/04/2021,307.0436508
30/04/2021,316.7269504
01/05/2021,304.9538462
02/05/2021,297.535316
03/05/2021,306.620339
04/05/2021,303.6920415
05/05/2021,291.1964286
06/05/2021,310.9205021
07/05/2021,314.2198582
08/05/2021,296.5387597
09/05/2021,289.3058824
10/05/2021,295.1610487
11/05/2021,306.8729508
12/05/2021,316.6759259
13/05/2021,294.6933333
14/05/2021,296.9894737
15/05/2021,294.525641
16/05/2021,291.5238095
17/05/2021,304.0265487
18/05/2021,328.8350515
19/05/2021,293.2767857
