Borough code,Borough name,Ward Code,Ward name,Population,Density,65+_age,Deprivation,HR_buildings,Heritage,local_concerns,Student,crime,Over_crowding,No_central_heat,older_alone,Disability,Smokers,Fire_casualties,1st_pump_attendance,one_pump_attendance_adjust,2nd_pump_attendance,two_pump_attendance_adjust,3rd_pump_attendance,three_pump_attendance_adjust,HFSV,FSR_Inspection,Visual_audit
E09000002,Barking and Dagenham,E05000026,Abbey,15050,11731,704,66,13,8,30,2700,2352,253,185,209,405,1999,0,5:28,328,6:07,367,7:27,447,225,36,113
E09000002,Barking and Dagenham,E05000027,Alibon,11250,8245,1028,63,0,0,5,2650,883,74,92,402,625,1498,2,5:37,337,6:44,404,8:15,495,67,1,39
E09000002,Barking and Dagenham,E05000028,Becontree,15050,11684,1216,64,7,0,11,3150,1326,98,136,426,595,1884,2,6:24,384,6:56,416,9:00,540,103,18,37
E09000002,Barking and Dagenham,E05000029,Chadwell Heath,11000,3250,1556,67,2,10,11,2300,890,39,107,584,520,1421,2,6:43,403,7:39,459,6:36,396,199,15,42
E09000002,Barking and Dagenham,E05000030,Eastbrook,11050,3202,1512,64,2,6,15,2150,805,35,79,484,475,1542,5,5:02,302,5:43,343,9:03,543,156,11,44
E09000002,Barking and Dagenham,E05000031,Eastbury,12300,8546,1150,68,4,5,16,2600,1133,112,140,414,515,1697,0,5:19,319,6:41,401,6:49,409,85,8,53
E09000002,Barking and Dagenham,E05000032,Gascoigne,14600,12821,760,77,16,2,26,3750,1111,175,132,347,465,1621,1,4:37,277,5:39,339,7:41,461,136,20,122
E09000002,Barking and Dagenham,E05000033,Goresbrook,12450,9743,1290,66,0,0,5,3050,935,77,132,427,625,1629,2,6:38,398,7:12,432,11:14,674,93,10,28
E09000002,Barking and Dagenham,E05000034,Heath,11950,5971,1421,88,5,2,12,2700,1004,68,96,626,605,1527,8,4:00,240,5:34,334,8:38,518,253,11,44
E09000002,Barking and Dagenham,E05000035,Longbridge,12250,7446,1377,40,1,1,10,2400,740,123,71,441,395,1671,1,6:00,360,7:06,426,7:57,477,95,6,50
E09000002,Barking and Dagenham,E05000036,Mayesbrook,11350,6114,997,69,0,0,8,2800,835,98,100,473,590,1438,0,6:03,363,6:41,401,9:40,580,109,5,34
E09000002,Barking and Dagenham,E05000037,Parsloes,10500,8442,1099,59,0,0,3,2350,635,55,102,455,605,1409,1,5:41,341,6:28,388,8:19,499,92,6,21
E09000002,Barking and Dagenham,E05000038,River,11950,3372,1187,65,0,1,5,2800,1165,92,145,346,540,1557,2,6:17,377,7:05,425,8:19,499,69,8,21
E09000002,Barking and Dagenham,E05000039,Thames,14550,1844,767,70,4,0,45,3450,1759,109,91,295,515,1793,0,5:41,341,6:48,408,10:24,624,158,36,91
E09000002,Barking and Dagenham,E05000040,Valence,11600,8973,1166,64,1,3,9,2700,837,58,107,514,685,1499,3,5:11,311,6:17,377,6:53,413,184,8,34
E09000002,Barking and Dagenham,E05000041,Village,11400,5308,1309,73,5,5,7,2200,1064,63,174,468,550,1539,4,5:47,347,7:08,428,9:10,550,238,4,34
E09000002,Barking and Dagenham,E05000042,Whalebone,12100,7786,1322,48,1,5,9,2450,876,72,143,436,385,1547,0,5:06,306,6:02,362,11:11,671,85,30,40
E09000003,Barnet,E05000043,Brunswick Park,16850,5307,2848,60,0,8,9,3100,963,49,90,616,585,1986,0,5:32,332,7:59,479,7:59,479,67,3,41
E09000003,Barnet,E05000044,Burnt Oak,20050,9699,1982,58,2,3,10,4150,1429,234,151,574,890,2521,3,5:58,358,7:21,441,10:29,629,150,17,60
E09000003,Barnet,E05000045,Childs Hill,22100,7145,2885,54,10,14,16,3750,1921,182,228,662,565,2643,1,5:51,351,6:50,410,8:29,509,258,32,42
E09000003,Barnet,E05000046,Colindale,25800,9787,1971,75,31,9,46,3800,1626,213,212,427,690,2891,6,5:41,341,6:57,417,7:54,474,95,48,37
E09000003,Barnet,E05000047,Coppetts,17900,6579,2120,51,1,8,7,3000,1505,122,149,524,625,2303,2,6:29,389,7:01,421,7:42,462,127,7,38
E09000003,Barnet,E05000048,East Barnet,16950,4521,2706,44,1,6,8,3050,929,50,173,712,545,2008,1,5:11,311,7:28,448,11:37,697,103,5,42
E09000003,Barnet,E05000049,East Finchley,17200,6853,2310,54,3,14,22,2750,889,93,144,854,575,2037,0,4:53,293,5:55,355,7:23,443,394,10,81
E09000003,Barnet,E05000050,Edgware,20050,3608,2864,59,6,6,12,4100,1545,96,112,638,590,1969,0,6:21,381,8:12,492,7:24,444,80,17,45
E09000003,Barnet,E05000051,Finchley Church End,16800,6164,3074,26,7,28,9,2650,795,88,133,823,330,1848,1,5:25,325,5:50,350,7:09,429,141,9,68
E09000003,Barnet,E05000052,Garden Suburb,16750,3543,3228,27,4,293,15,2900,1011,59,122,790,205,1734,0,6:48,408,7:40,460,9:14,554,53,12,34
E09000003,Barnet,E05000053,Golders Green,20650,6946,2580,68,4,1,17,4950,1384,163,90,700,685,2265,20,6:32,392,7:03,423,8:37,517,244,13,85
E09000003,Barnet,E05000054,Hale,18400,3393,2559,47,0,8,5,3850,998,109,82,609,620,2128,1,5:43,343,7:56,476,9:35,575,122,6,49
E09000003,Barnet,E05000055,Hendon,19900,7010,2421,48,5,30,16,3350,1278,176,196,692,485,2363,2,4:23,263,5:21,321,8:11,491,191,15,99
E09000003,Barnet,E05000056,High Barnet,15800,1902,3001,32,0,83,18,2400,1128,40,119,887,450,1866,1,5:23,323,9:29,569,12:57,777,145,7,59
E09000003,Barnet,E05000057,Mill Hill,20700,2205,2878,46,1,52,17,4250,1473,91,99,747,530,2219,2,5:47,347,7:52,472,9:22,562,77,11,46
E09000003,Barnet,E05000058,Oakleigh,16600,5002,3003,31,4,8,6,2800,872,49,127,680,435,1909,0,5:33,333,8:10,490,8:50,530,100,6,58
E09000003,Barnet,E05000059,Totteridge,16300,1858,2875,32,1,43,6,2900,722,33,76,696,330,1699,4,6:33,393,7:26,446,8:27,507,115,5,28
E09000003,Barnet,E05000060,Underhill,16500,3626,2969,64,0,13,9,2750,1066,77,129,879,670,1995,3,5:51,351,9:51,591,7:38,458,146,9,61
E09000003,Barnet,E05000061,West Finchley,17600,8135,2265,28,4,4,22,2500,1126,104,175,626,445,2127,2,5:20,320,6:27,387,9:05,545,165,17,89
E09000003,Barnet,E05000062,West Hendon,19950,5819,2185,75,3,8,9,3000,2011,213,151,552,670,2411,9,5:43,343,6:59,419,9:17,557,231,13,96
E09000003,Barnet,E05000063,Woodhouse,18650,7115,2555,53,1,7,15,3200,1562,104,194,719,650,2312,1,5:41,341,6:41,401,7:32,452,141,10,94
E09000004,Bexley,E05000064,Barnehurst,11100,3858,2095,40,0,4,7,1850,551,17,111,649,425,1049,1,4:10,250,7:02,422,9:41,581,76,5,37
E09000004,Bexley,E05000065,Belvedere,13550,4267,1729,51,1,1,11,2600,1093,65,164,585,590,1328,1,5:16,316,8:00,480,13:20,800,134,8,56
E09000004,Bexley,E05000066,Blackfen and Lamorbey,11050,6556,2012,21,0,0,4,1900,334,12,107,546,310,1049,1,6:13,373,9:00,540,12:41,761,49,1,15
E09000004,Bexley,E05000067,Blendon and Penhill,11100,5291,2174,24,0,2,4,1850,495,18,83,563,290,1065,1,6:36,396,8:52,532,7:48,468,32,2,15
E09000004,Bexley,E05000068,Brampton,10900,5540,2664,31,0,0,2,1800,389,14,61,608,380,1019,2,4:39,279,7:23,443,8:33,513,39,1,19
E09000004,Bexley,E05000069,Christchurch,11700,4585,2183,29,0,11,1,1750,1350,19,107,634,415,1110,1,4:43,283,8:12,492,10:11,611,71,10,33
E09000004,Bexley,E05000070,Colyers,10900,6630,1803,51,0,1,2,2200,509,23,104,470,575,1086,1,5:14,314,7:00,420,11:02,662,94,3,20
E09000004,Bexley,E05000071,Crayford,13400,3373,1890,60,0,15,11,2600,1008,26,165,683,640,1317,0,6:48,408,9:01,541,11:16,676,89,16,100
E09000004,Bexley,E05000072,Cray Meadows,12050,1676,1904,56,0,20,10,2350,729,17,140,685,600,1111,1,5:58,358,6:38,398,9:05,545,222,2,86
E09000004,Bexley,E05000073,Danson Park,11400,4202,2067,43,0,5,6,1900,676,17,112,610,380,1121,2,6:26,386,8:14,494,7:37,457,40,7,31
E09000004,Bexley,E05000074,East Wickham,11300,5200,2183,41,0,1,4,1900,495,24,114,584,485,1129,1,6:43,403,7:17,437,7:15,435,49,0,14
E09000004,Bexley,E05000075,Erith,13550,2851,1599,45,5,7,23,2650,1411,56,171,539,555,1255,3,4:51,291,6:47,407,10:14,614,108,19,79
E09000004,Bexley,E05000076,Falconwood and Welling,11050,6616,1869,22,0,0,1,1750,574,15,97,526,305,1140,0,7:07,427,8:03,483,7:49,469,30,0,11
E09000004,Bexley,E05000077,Lesnes Abbey,12000,5063,1922,62,6,1,8,2250,640,43,97,524,500,1128,0,5:26,326,7:13,433,10:43,643,57,2,24
E09000004,Bexley,E05000078,Longlands,10900,4197,2279,38,1,5,9,1450,430,18,125,751,350,976,0,3:40,220,5:20,320,8:49,529,334,2,64
E09000004,Bexley,E05000079,North End,12500,2201,1168,65,6,3,31,2700,1029,49,146,464,745,1278,9,6:45,405,8:52,532,11:53,713,145,5,72
E09000004,Bexley,E05000080,Northumberland Heath,10900,6219,1802,44,3,0,6,1950,546,25,106,469,475,1111,0,5:09,309,6:02,362,12:50,770,37,1,22
E09000004,Bexley,E05000081,St. Mary's,11500,2597,2243,29,0,22,1,1950,482,8,69,624,290,985,0,6:25,385,8:50,530,9:41,581,39,4,28
E09000004,Bexley,E05000082,St. Michael's,11500,7941,1799,30,0,2,0,2300,410,24,117,426,410,1134,1,6:14,374,6:38,398,7:16,436,42,0,10
E09000004,Bexley,E05000083,Sidcup,11950,4420,2350,21,2,12,9,1750,689,24,93,754,325,1069,1,4:21,261,5:28,328,9:52,592,90,12,84
E09000004,Bexley,E05000084,Thamesmead East,12950,2679,884,65,15,3,25,2850,710,90,78,298,515,1285,1,7:19,439,8:10,490,9:15,555,77,5,43
E09000005,Brent,E05000085,Alperton,16750,8137,1703,44,6,0,22,2600,998,362,110,271,385,1620,1,6:10,370,7:13,433,8:49,529,66,23,39
E09000005,Brent,E05000086,Barnhill,16550,5555,2053,65,3,2,4,2800,1249,233,85,539,690,1469,0,7:14,434,8:04,484,8:50,530,186,19,54
E09000005,Brent,E05000087,Brondesbury Park,13500,7806,1631,51,4,1,8,2050,1307,105,83,593,485,1223,2,4:35,275,6:16,376,6:54,414,113,21,49
E09000005,Brent,E05000088,Dollis Hill,14750,6414,1796,55,2,3,15,3600,1307,161,72,355,555,1230,0,7:26,446,8:24,504,9:59,599,63,8,41
E09000005,Brent,E05000089,Dudden Hill,15900,9456,1778,73,0,3,10,2850,1660,220,134,366,555,1524,2,5:32,332,7:27,447,8:57,537,80,10,65
E09000005,Brent,E05000090,Fryent,14050,5283,2057,42,2,5,7,2600,956,169,79,438,415,1265,3,7:01,421,8:02,482,8:06,486,78,22,38
E09000005,Brent,E05000091,Harlesden,17050,15309,1604,85,0,3,2,3000,2096,290,168,461,765,1737,2,5:05,305,6:33,393,7:56,476,176,13,69
E09000005,Brent,E05000092,Kensal Green,15350,13705,1503,68,0,4,5,2500,1397,171,211,396,490,1499,3,4:47,287,6:00,360,7:06,426,75,12,43
E09000005,Brent,E05000093,Kenton,12350,5506,2575,36,0,0,4,1750,639,118,42,426,360,1020,2,6:45,405,7:59,479,8:29,509,77,5,23
E09000005,Brent,E05000094,Kilburn,18400,19492,1865,78,20,15,15,2900,1640,226,269,592,700,1627,0,6:08,368,6:25,385,6:42,402,181,66,36
E09000005,Brent,E05000095,Mapesbury,16250,11662,1645,58,8,2,16,2300,1383,209,171,414,500,1630,4,5:15,315,5:50,350,7:14,434,98,24,28
E09000005,Brent,E05000096,Northwick Park,12750,4758,2040,39,0,5,4,1800,844,107,43,299,305,1226,1,6:46,406,7:48,468,7:37,457,34,11,23
E09000005,Brent,E05000097,Preston,16200,6783,2250,50,2,2,10,2650,976,241,95,479,540,1458,0,6:37,397,7:41,461,8:39,519,80,10,31
E09000005,Brent,E05000098,Queens Park,15950,10736,1414,42,2,5,9,2350,1313,153,198,380,460,1387,0,4:45,285,5:44,344,6:47,407,64,15,22
E09000005,Brent,E05000099,Queensbury,17750,8653,2235,38,0,4,11,3150,1302,160,81,348,470,1459,2,6:03,363,7:00,420,10:47,647,43,19,29
E09000005,Brent,E05000100,Stonebridge,18900,4666,1606,90,7,3,37,4800,2505,234,129,510,965,1629,1,5:37,337,7:27,447,7:57,477,337,35,128
E09000005,Brent,E05000101,Sudbury,15850,7460,1777,43,2,5,6,2800,843,307,110,425,500,1470,0,5:09,309,6:48,408,8:03,483,71,5,39
E09000005,Brent,E05000102,Tokyngton,16900,6125,1985,39,8,2,30,2650,1952,289,79,374,485,1644,3,6:28,388,7:09,429,8:57,537,119,51,44
E09000005,Brent,E05000103,Welsh Harp,14200,6123,1805,64,0,15,2,2700,1128,216,109,463,520,1363,3,6:38,398,8:21,501,10:35,635,86,7,66
E09000005,Brent,E05000104,Wembley Central,16550,10317,1815,48,8,3,11,2500,2002,427,117,232,480,1715,3,4:16,256,6:15,375,9:36,576,82,43,54
E09000005,Brent,E05000105,Willesden Green,16750,10820,1454,85,3,10,20,2750,1804,253,231,447,635,1743,4,3:56,236,7:06,426,7:35,455,149,24,95
E09000006,Bromley,E05000106,Bickley,16150,3317,3216,17,1,17,1,3050,651,14,75,776,390,1553,0,5:45,345,6:22,382,9:14,554,154,14,40
E09000006,Bromley,E05000107,Biggin Hill,10700,1292,1995,19,0,13,14,2000,518,11,19,436,300,1104,0,6:23,383,11:02,662,11:11,671,211,1,89
E09000006,Bromley,E05000108,Bromley Common and Keston,17800,2142,2858,78,2,20,8,3350,1056,23,120,826,645,1811,1,7:06,426,7:59,479,9:35,575,204,3,66
E09000006,Bromley,E05000109,Bromley Town,19050,5126,2533,41,9,36,14,3100,2904,31,184,910,455,2032,0,4:16,256,5:10,310,9:29,569,283,33,97
E09000006,Bromley,E05000110,Chelsfield and Pratts Bottom,15200,1210,2981,21,0,40,10,2700,558,12,94,787,390,1522,1,6:20,380,8:39,519,14:44,884,91,6,39
E09000006,Bromley,E05000111,Chislehurst,16700,1599,3435,43,5,60,5,3000,1080,14,90,900,340,1612,0,6:46,406,7:50,470,10:00,600,99,14,54
E09000006,Bromley,E05000112,Clock House,16700,7368,2153,34,3,1,9,2650,766,33,221,806,480,1830,1,4:27,267,8:01,481,9:28,568,95,11,30
E09000006,Bromley,E05000113,Copers Cope,16600,5050,2952,47,6,16,8,1550,1301,21,211,1079,395,1876,0,4:58,298,6:29,389,7:40,460,78,15,32
E09000006,Bromley,E05000114,Cray Valley East,16500,1243,2705,76,0,34,16,3100,1862,41,175,880,845,1917,3,6:45,405,8:06,486,12:11,731,414,10,153
E09000006,Bromley,E05000115,Cray Valley West,17400,4418,2603,68,8,1,11,3600,1471,42,133,859,1065,2003,0,6:18,378,6:53,413,9:06,546,281,9,227
E09000006,Bromley,E05000116,Crystal Palace,13450,5870,1082,74,2,16,5,1800,1046,63,151,422,620,1681,1,6:13,373,7:09,429,7:42,462,66,21,39
E09000006,Bromley,E05000117,Darwin,5550,191,1227,31,0,56,14,1050,245,5,44,273,165,552,0,7:31,451,11:33,693,14:50,890,63,2,79
E09000006,Bromley,E05000118,Farnborough and Crofton,15100,2155,3750,47,0,14,3,2650,662,20,78,1075,370,1526,5,7:02,422,7:58,478,11:03,663,121,10,68
E09000006,Bromley,E05000119,Hayes and Coney Hall,16600,1534,3207,18,0,21,5,3100,652,11,86,859,385,1659,0,7:03,423,7:32,452,8:40,520,109,4,73
E09000006,Bromley,E05000120,Kelsey and Eden Park,16700,3212,3145,39,0,11,13,3150,1233,18,111,945,470,1734,5,5:22,322,6:55,415,9:39,579,138,12,38
E09000006,Bromley,E05000121,Mottingham and Chislehurst North,10600,4341,1459,83,0,5,1,2050,973,19,75,519,595,1258,0,6:56,416,8:00,480,6:55,415,92,1,20
E09000006,Bromley,E05000122,Orpington,15600,3665,3542,64,3,11,13,2450,1351,30,131,910,610,1723,0,4:12,252,6:22,382,11:00,660,213,14,110
E09000006,Bromley,E05000123,Penge and Cator,18200,6149,1998,76,2,10,18,2950,1728,96,275,640,770,2182,4,5:25,325,8:12,492,7:56,476,191,23,41
E09000006,Bromley,E05000124,Petts Wood and Knoll,14350,3336,3146,19,0,3,4,2250,708,13,71,722,275,1382,0,7:23,443,8:00,480,9:01,541,43,3,40
E09000006,Bromley,E05000125,Plaistow and Sundridge,16300,4074,2424,50,1,10,4,2750,1037,36,133,762,625,1723,0,5:20,320,6:16,376,8:10,490,133,10,56
E09000006,Bromley,E05000126,Shortlands,10350,4213,2182,16,1,4,3,1800,290,8,71,615,195,1008,2,5:29,329,6:33,393,10:14,614,87,6,29
E09000006,Bromley,E05000127,West Wickham,15300,3469,3226,18,0,7,7,2750,521,14,66,855,355,1543,0,6:11,371,7:20,440,8:55,535,79,5,46
E09000007,Camden,E05000128,Belsize,14350,18384,1982,41,9,38,15,2350,1137,70,254,718,350,1305,0,5:46,346,6:06,366,7:40,460,210,37,36
E09000007,Camden,E05000129,Bloomsbury,12050,11803,1445,56,64,207,22,1100,4913,131,228,606,300,1202,1,4:33,273,6:07,367,6:36,396,111,99,40
E09000007,Camden,E05000130,Camden Town with Primrose Hill,13850,11877,1809,72,14,120,19,1700,4382,84,228,616,615,1334,1,5:20,320,6:12,372,6:49,409,217,47,55
E09000007,Camden,E05000131,Cantelowes,13550,17845,1284,73,6,16,13,2100,1290,121,152,473,675,1317,1,4:50,290,5:50,350,6:42,402,122,18,49
E09000007,Camden,E05000132,Fortune Green,13450,13363,1573,57,2,26,7,1850,903,77,185,422,475,1264,0,4:03,243,4:48,288,7:44,464,103,13,39
E09000007,Camden,E05000133,Frognal and Fitzjohns,13550,8855,1764,27,20,145,10,2350,679,38,126,525,175,1146,2,5:07,307,6:01,361,10:27,627,56,20,43
E09000007,Camden,E05000134,Gospel Oak,12600,18200,1672,86,7,15,13,2400,925,79,148,516,645,1245,1,5:02,302,6:04,364,7:59,479,265,21,31
E09000007,Camden,E05000135,Hampstead Town,12350,5042,2229,26,19,380,16,2050,1198,38,123,652,230,1046,1,5:37,337,6:10,370,7:06,426,100,24,32
E09000007,Camden,E05000136,Haverstock,14050,19200,1618,69,15,22,12,2600,1694,128,113,623,785,1400,2,5:01,301,6:01,361,7:57,477,339,20,39
E09000007,Camden,E05000137,Highgate,12000,3705,2241,55,8,214,13,1950,1215,37,119,566,520,1077,1,5:02,302,6:18,378,8:44,524,216,23,42
E09000007,Camden,E05000138,Holborn and Covent Garden,14650,12260,1686,70,159,359,31,1700,5602,178,318,623,610,1564,6,5:03,303,5:44,344,6:35,395,664,117,77
E09000007,Camden,E05000139,Kentish Town,15000,14578,1668,60,6,44,16,2100,1597,91,155,493,635,1508,0,3:40,220,4:30,270,7:38,458,241,29,80
E09000007,Camden,E05000140,Kilburn,13700,19995,1668,66,10,12,17,2150,1650,131,218,723,690,1397,3,5:22,322,6:03,363,7:17,437,435,22,53
E09000007,Camden,E05000141,King's Cross,12850,21019,1090,70,36,146,15,1900,2470,152,277,421,465,1226,0,5:02,302,6:26,386,8:15,495,183,46,24
E09000007,Camden,E05000142,Regent's Park,15350,11374,1371,65,48,136,13,2200,2389,238,205,569,675,1456,2,4:46,286,6:36,396,6:51,411,374,33,64
E09000007,Camden,E05000143,St. Pancras and Somers Town,17650,12617,1459,76,34,52,27,2950,2719,191,111,535,1020,1724,3,4:50,290,6:57,417,6:53,413,417,57,54
E09000007,Camden,E05000144,Swiss Cottage,14800,11777,1833,43,32,10,19,2050,1293,63,181,563,390,1341,1,5:36,336,6:14,374,7:45,465,95,14,34
E09000007,Camden,E05000145,West Hampstead,13700,15440,1348,55,7,5,14,1450,1297,74,265,469,470,1405,2,3:47,227,5:10,310,7:37,457,88,19,28
E09000008,Croydon,E05000146,Addiscombe,17650,11114,1936,50,9,7,12,2500,994,101,334,725,650,1839,5,5:25,325,6:05,365,6:28,388,121,19,34
E09000008,Croydon,E05000147,Ashburton,14550,5366,2326,62,2,1,7,2750,894,51,98,588,675,1517,3,4:11,251,7:20,440,8:28,508,122,10,54
E09000008,Croydon,E05000148,Bensham Manor,17000,11794,1691,57,1,2,5,3400,1090,171,209,472,625,1734,5,5:02,302,6:07,367,8:22,502,222,9,52
E09000008,Croydon,E05000149,Broad Green,21200,7964,1538,88,5,0,14,4450,3365,233,214,460,850,2241,2,5:05,305,5:43,343,8:16,496,129,28,102
E09000008,Croydon,E05000150,Coulsdon East,12500,1614,2795,54,0,15,2,2100,510,14,59,736,420,1196,1,6:57,417,11:14,674,,0,156,7,43
E09000008,Croydon,E05000151,Coulsdon West,15000,3005,2643,36,0,3,6,2750,657,24,65,466,390,1321,1,5:08,308,8:16,496,,0,75,13,57
E09000008,Croydon,E05000152,Croham,16950,4806,2132,40,0,5,4,2700,910,57,244,570,490,1670,0,5:13,313,5:55,355,8:06,486,70,19,26
E09000008,Croydon,E05000153,Fairfield,22200,5885,2274,62,35,40,33,3100,4250,91,294,849,600,1931,4,4:36,276,5:45,345,7:49,469,161,73,133
E09000008,Croydon,E05000154,Fieldway,11650,7837,1208,70,4,0,11,3200,727,76,87,371,770,1195,2,3:47,227,4:43,283,9:14,554,401,13,115
E09000008,Croydon,E05000155,Heathfield,13300,1526,2563,67,0,16,5,2150,984,40,87,639,480,1348,0,5:17,317,6:26,386,10:29,629,99,15,85
E09000008,Croydon,E05000156,Kenley,15450,2393,2641,31,5,6,4,2800,509,32,116,545,495,1503,2,6:17,377,9:42,582,,0,125,16,57
E09000008,Croydon,E05000157,New Addington,10850,4489,1451,87,3,2,16,2350,792,41,96,456,710,1205,0,5:19,319,6:09,369,10:05,605,335,10,94
E09000008,Croydon,E05000158,Norbury,17850,7088,2528,49,3,7,19,3350,1166,107,185,601,580,1803,2,3:02,182,4:30,270,7:19,439,99,15,107
E09000008,Croydon,E05000159,Purley,15800,3784,2588,37,2,8,13,2750,943,33,104,591,520,1441,2,5:05,305,7:28,448,10:16,616,127,10,80
E09000008,Croydon,E05000160,Sanderstead,13000,2049,2795,30,0,5,1,2300,447,27,72,634,375,1232,0,7:14,434,8:18,498,10:31,631,81,2,37
E09000008,Croydon,E05000161,Selhurst,19200,8447,1762,68,6,5,13,3850,2010,154,252,533,965,1996,2,5:53,353,6:28,388,7:06,426,206,14,38
E09000008,Croydon,E05000162,Selsdon and Ballards,11850,1852,2749,20,2,2,5,1800,447,14,59,533,310,1142,1,6:54,414,7:35,455,7:17,437,61,3,38
E09000008,Croydon,E05000163,Shirley,14400,5133,2816,61,0,2,5,2600,744,56,98,808,475,1426,2,7:06,426,9:38,578,,0,92,3,11
E09000008,Croydon,E05000164,South Norwood,17600,7401,1841,74,10,15,16,2950,1426,97,341,692,665,1872,5,6:07,367,7:05,425,7:43,463,112,31,33
E09000008,Croydon,E05000165,Thornton Heath,17300,10291,1635,76,3,2,15,3850,1432,128,242,577,725,1780,2,5:50,350,6:40,400,7:55,475,151,10,62
E09000008,Croydon,E05000166,Upper Norwood,16750,6385,2091,67,4,8,7,3050,1193,78,173,540,655,1759,3,4:56,296,6:38,398,8:29,509,134,26,47
E09000008,Croydon,E05000167,Waddon,18300,5017,2078,67,9,10,14,3400,1478,85,205,730,865,1909,4,4:35,275,5:47,347,7:58,478,198,27,82
E09000008,Croydon,E05000168,West Thornton,18950,9614,1815,90,3,3,15,4100,1731,196,235,463,760,1912,6,4:36,276,5:00,300,7:29,449,202,15,63
E09000008,Croydon,E05000169,Woodside,17000,7847,1447,54,0,4,4,3400,1164,107,299,528,745,1849,2,5:24,324,8:07,487,8:28,508,107,8,37
E09000009,Ealing,E05000170,Acton Central,15650,8819,1658,70,4,4,7,2850,1345,163,150,558,595,1926,2,4:46,286,7:01,421,11:35,695,123,28,69
E09000009,Ealing,E05000171,Cleveland,14750,6619,2253,80,3,4,6,2850,797,119,129,630,475,1504,0,5:58,358,8:48,528,9:41,581,123,14,31
E09000009,Ealing,E05000172,Dormers Wells,14150,6269,1929,77,6,3,12,2700,919,243,87,420,640,1661,1,4:10,250,6:04,364,7:13,433,192,11,45
E09000009,Ealing,E05000173,Ealing Broadway,15350,8267,1886,38,12,17,16,2000,2264,82,216,561,355,1619,1,4:02,242,6:39,399,8:22,502,51,35,19
E09000009,Ealing,E05000174,Ealing Common,13950,6515,1800,48,0,28,7,1900,1188,85,161,556,415,1616,0,4:50,290,6:09,369,7:39,459,51,7,22
E09000009,Ealing,E05000175,East Acton,19400,4537,1785,57,12,3,58,3250,2241,284,209,520,655,2582,2,5:49,349,6:47,407,7:23,443,147,33,108
E09000009,Ealing,E05000176,Elthorne,15850,7926,1744,65,7,4,22,2650,1299,142,161,490,530,1707,0,4:38,278,7:03,423,9:45,585,83,17,38
E09000009,Ealing,E05000177,Greenford Broadway,18050,7172,2211,67,3,1,6,3500,1667,181,147,623,680,2102,5,6:27,387,6:57,417,9:48,588,90,21,41
E09000009,Ealing,E05000178,Greenford Green,14450,4269,1950,46,0,6,11,2600,1223,163,103,478,445,1731,0,6:55,415,8:13,493,6:37,397,69,14,52
E09000009,Ealing,E05000179,Hanger Hill,15850,4836,2176,34,5,8,10,2900,920,103,191,608,300,1750,0,6:58,418,8:28,508,9:45,585,65,7,22
E09000009,Ealing,E05000180,Hobbayne,14300,6472,1860,58,1,9,11,2950,765,122,134,569,585,1565,1,6:29,389,8:10,490,9:12,552,60,8,27
E09000009,Ealing,E05000181,Lady Margaret,13650,8853,1814,44,0,1,2,2400,673,177,62,283,560,1673,3,5:11,311,6:42,402,7:20,440,57,5,17
E09000009,Ealing,E05000182,Northfield,13600,8831,1700,31,0,9,10,2150,665,63,138,523,260,1446,0,5:35,335,6:48,408,,0,27,8,18
E09000009,Ealing,E05000183,North Greenford,14800,4543,2066,45,0,2,4,2700,744,186,99,409,405,1776,5,4:47,287,6:15,375,8:06,486,48,7,64
E09000009,Ealing,E05000184,Northolt Mandeville,15450,5605,1870,63,3,1,18,3150,1180,206,142,516,585,1848,5,5:13,313,6:51,411,10:25,625,245,12,130
E09000009,Ealing,E05000185,Northolt West End,14900,4203,1710,70,3,1,9,3050,1278,162,183,603,705,1829,0,7:13,433,7:40,460,7:47,467,172,9,57
E09000009,Ealing,E05000186,Norwood Green,14100,3714,1792,66,1,19,15,2400,1497,238,96,315,760,1673,0,5:59,359,7:02,422,8:04,484,88,14,44
E09000009,Ealing,E05000187,Perivale,15500,4603,2118,52,1,11,8,2850,1073,152,141,425,480,1949,5,7:46,466,8:34,514,10:00,600,69,10,32
E09000009,Ealing,E05000188,South Acton,16700,9714,1795,84,21,13,23,3250,1535,164,189,639,570,1723,12,4:04,244,6:10,370,7:42,462,132,21,56
E09000009,Ealing,E05000189,Southall Broadway,13500,8348,1586,72,1,4,6,2450,1737,322,54,281,715,1777,0,3:57,237,5:54,354,8:13,493,207,10,48
E09000009,Ealing,E05000190,Southall Green,16100,10150,1441,59,1,1,12,2900,1174,334,92,224,650,2027,1,6:07,367,7:19,439,9:09,549,120,15,30
E09000009,Ealing,E05000191,Southfield,13700,9589,1734,40,2,136,9,1700,863,63,179,542,335,1477,1,5:07,307,6:48,408,,0,52,10,35
E09000009,Ealing,E05000192,Walpole,13300,9073,1603,54,3,21,11,1800,1017,81,153,555,315,1461,2,4:24,264,7:18,438,9:00,540,66,12,28
E09000010,Enfield,E05000193,Bowes,15050,10146,1725,55,0,1,4,2100,829,135,164,420,515,1622,2,6:47,407,8:50,530,9:39,579,63,6,44
E09000010,Enfield,E05000194,Bush Hill Park,14600,5783,2579,37,0,4,7,2250,780,49,120,734,450,1402,3,6:04,364,6:22,382,9:26,566,136,5,45
E09000010,Enfield,E05000195,Chase,14550,859,2058,78,6,68,16,2800,853,58,257,610,580,1393,3,7:46,466,8:59,539,9:16,556,215,8,56
E09000010,Enfield,E05000196,Cockfosters,15050,1445,2930,40,1,35,12,2200,822,44,63,785,435,1288,1,6:02,362,9:03,543,13:51,831,193,7,35
E09000010,Enfield,E05000197,Edmonton Green,18950,6061,1626,87,19,11,30,4300,2322,200,223,658,910,2050,8,5:32,332,6:49,409,8:22,502,158,19,105
E09000010,Enfield,E05000198,Enfield Highway,16900,3645,1725,64,9,4,31,3800,1421,118,197,510,705,1747,1,5:13,313,5:54,354,8:36,516,146,8,64
E09000010,Enfield,E05000199,Enfield Lock,18300,5627,1523,68,4,12,13,4200,1077,95,218,455,680,1874,6,6:50,410,7:40,460,10:55,655,138,18,44
E09000010,Enfield,E05000200,Grange,13600,4140,2703,35,3,9,9,2000,970,25,122,707,295,1206,2,6:25,385,7:41,461,8:00,480,86,13,37
E09000010,Enfield,E05000201,Haselbury,17400,9688,1645,78,0,8,5,3950,1087,173,212,406,700,1847,2,4:22,262,5:54,354,10:00,600,72,18,65
E09000010,Enfield,E05000202,Highlands,13850,2722,2612,46,9,4,17,2100,639,16,91,792,440,1266,0,8:21,501,8:56,536,11:20,680,155,4,31
E09000010,Enfield,E05000203,Jubilee,15000,3818,1830,87,0,1,10,3000,1072,130,247,496,670,1575,3,5:44,344,7:05,425,9:07,547,75,7,54
E09000010,Enfield,E05000204,Lower Edmonton,17550,8041,1734,64,4,3,8,4050,1225,177,190,577,710,1830,16,5:20,320,6:45,405,8:50,530,120,6,54
E09000010,Enfield,E05000205,Palmers Green,16250,8367,2394,45,0,4,4,2350,1121,110,135,589,570,1677,0,5:59,359,8:10,490,10:15,615,105,5,40
E09000010,Enfield,E05000206,Ponders End,16900,4770,1595,80,4,7,25,3850,1582,165,213,457,610,1634,1,6:03,363,6:51,411,11:35,695,89,18,103
E09000010,Enfield,E05000207,Southbury,16050,5598,1588,73,3,4,21,3450,1706,104,171,519,645,1593,2,5:02,302,6:07,367,7:55,475,115,16,72
E09000010,Enfield,E05000208,Southgate,16000,5954,2302,32,2,26,8,2750,1063,74,122,667,400,1490,4,4:43,283,8:28,508,6:39,399,80,21,38
E09000010,Enfield,E05000209,Southgate Green,15000,5739,2417,60,1,18,12,2400,895,75,126,470,400,1349,2,5:36,336,9:35,575,9:56,596,54,15,30
E09000010,Enfield,E05000210,Town,15800,7081,2501,31,0,56,10,2700,792,37,158,747,430,1477,1,6:18,378,8:04,484,8:01,481,117,8,40
E09000010,Enfield,E05000211,Turkey Street,15400,6810,1713,80,1,4,4,3500,1168,87,180,488,700,1618,0,6:02,362,7:46,466,13:42,822,117,8,48
E09000010,Enfield,E05000212,Upper Edmonton,19250,7285,1811,79,12,0,20,4150,2580,198,234,421,750,2049,3,6:38,398,7:12,432,8:08,488,117,16,65
E09000010,Enfield,E05000213,Winchmore Hill,14300,5180,2218,27,0,20,6,2200,758,62,119,600,390,1336,7,5:55,355,7:26,446,9:41,581,108,6,18
E09000011,Greenwich,E05000214,Abbey Wood,16500,6210,1606,70,4,1,7,3650,1440,115,163,539,910,2264,0,5:39,339,5:44,344,9:33,573,108,7,53
E09000011,Greenwich,E05000215,Blackheath Westcombe,13700,6407,2034,39,6,58,13,1900,1081,36,183,700,470,1686,0,5:39,339,6:38,398,7:12,432,101,6,55
E09000011,Greenwich,E05000216,Charlton,15450,7606,1768,57,10,18,13,2850,1021,90,152,569,755,2041,0,5:21,321,6:10,370,7:52,472,202,10,81
E09000011,Greenwich,E05000217,Coldharbour and New Eltham,13600,5335,2478,62,1,0,3,2200,958,48,76,738,635,1892,1,5:32,332,6:51,411,7:04,424,102,4,22
E09000011,Greenwich,E05000218,Eltham North,12950,5068,2501,35,6,13,12,2000,963,34,140,742,460,1757,0,4:40,280,7:41,461,9:05,545,116,8,18
E09000011,Greenwich,E05000219,Eltham South,12850,2778,2065,38,1,39,10,1700,1276,47,113,754,475,1805,3,4:27,267,6:57,417,7:00,420,130,10,30
E09000011,Greenwich,E05000220,Eltham West,13300,5483,1383,63,3,3,5,2050,991,70,92,395,705,1668,0,5:20,320,6:57,417,10:14,614,41,5,23
E09000011,Greenwich,E05000221,Glyndon,19350,11369,1540,70,19,5,21,3450,1230,322,139,410,880,2743,3,4:46,286,5:31,331,8:04,484,344,12,56
E09000011,Greenwich,E05000222,Greenwich West,22050,7897,1453,50,46,222,72,2850,1903,80,224,521,570,2856,3,3:59,239,6:07,367,8:06,486,297,55,169
E09000011,Greenwich,E05000223,Kidbrooke with Hornfair,15000,6317,1813,57,7,3,7,2650,1283,97,118,586,825,2038,0,6:09,369,7:05,425,7:06,426,92,6,46
E09000011,Greenwich,E05000224,Middle Park and Sutcliffe,13650,4147,2183,77,7,27,8,2450,1109,65,104,681,815,1928,2,4:38,278,7:06,426,10:52,652,205,3,59
E09000011,Greenwich,E05000225,Peninsula,19850,4419,1347,67,22,41,37,2600,2941,74,191,501,725,2420,3,5:04,304,6:42,402,7:40,460,136,40,163
E09000011,Greenwich,E05000226,Plumstead,18050,7707,1634,52,6,5,6,3400,1515,305,197,520,790,2567,1,3:50,230,5:43,343,7:32,452,196,26,73
E09000011,Greenwich,E05000227,Shooters Hill,13700,3633,1889,37,1,8,6,2300,834,96,129,555,575,1917,6,6:31,391,7:11,431,8:44,524,127,2,26
E09000011,Greenwich,E05000228,Thamesmead Moorings,20700,4301,1035,65,16,0,17,4650,1717,190,111,312,865,3211,2,6:10,370,7:47,467,9:46,586,144,9,76
E09000011,Greenwich,E05000229,Woolwich Common,20550,7842,1153,64,21,33,26,4400,2019,250,137,401,815,2472,4,6:11,371,6:44,404,7:57,477,301,15,95
E09000011,Greenwich,E05000230,Woolwich Riverside,21550,6608,1540,69,34,61,39,3650,2927,200,172,494,960,3037,3,5:25,325,6:17,377,7:40,460,400,19,163
E09000012,Hackney,E05000231,Brownswood,13900,16577,633,83,13,7,9,1200,881,95,174,283,495,2235,2,5:12,312,6:05,365,7:52,472,66,42,16
E09000012,Hackney,E05000232,Cazenove,14600,21325,1027,56,2,10,2,3250,707,174,148,273,490,1966,2,4:27,267,5:19,319,6:44,404,136,14,38
E09000012,Hackney,E05000233,Chatham,15200,16749,942,85,17,52,21,2650,1072,172,154,373,670,2237,2,3:53,233,4:48,288,7:10,430,99,43,83
E09000012,Hackney,E05000234,Clissold,13150,18774,1071,77,3,49,4,1950,1820,113,129,335,460,2065,0,4:30,270,5:07,307,7:20,440,72,27,54
E09000012,Hackney,E05000235,Dalston,16450,17754,987,62,20,39,32,2000,933,154,145,401,615,2610,7,5:19,319,6:02,362,8:21,501,134,98,57
E09000012,Hackney,E05000236,De Beauvoir,16450,18529,1060,66,26,46,25,2000,1620,118,265,371,530,2636,0,5:23,323,6:29,389,7:49,469,98,52,23
E09000012,Hackney,E05000237,Hackney Central,14450,18518,1114,69,11,30,22,2000,1048,159,151,457,635,2288,3,5:01,301,5:20,320,7:38,458,144,24,62
E09000012,Hackney,E05000238,Hackney Downs,13800,13555,1109,79,10,4,4,1900,1298,168,142,413,655,2189,0,4:54,294,5:22,322,6:59,419,127,25,45
E09000012,Hackney,E05000239,Haggerston,16600,13360,841,79,34,104,29,1900,1349,139,220,351,555,2658,2,4:39,279,6:02,362,6:49,409,133,117,50
E09000012,Hackney,E05000240,Hoxton,17750,21141,1041,83,44,27,24,2300,1808,151,265,488,645,2914,2,4:48,288,6:46,406,7:12,432,142,90,39
E09000012,Hackney,E05000241,King's Park,12400,6815,1256,81,6,7,7,2850,3793,136,101,460,615,1766,2,4:46,286,5:43,343,7:57,477,236,9,41
E09000012,Hackney,E05000242,Leabridge,15500,14573,1171,73,9,14,3,2600,1490,140,204,286,585,2311,1,5:21,321,6:08,368,7:08,428,95,24,38
E09000012,Hackney,E05000243,Lordship,13550,11405,1232,64,4,36,6,2900,886,117,142,428,575,1829,0,4:10,250,5:28,328,6:55,415,214,28,50
E09000012,Hackney,E05000244,New River,15350,15696,1266,81,20,13,10,3600,1283,166,187,409,515,2052,0,5:05,305,6:00,360,6:35,395,179,32,50
E09000012,Hackney,E05000245,Queensbridge,14850,13754,1328,72,13,50,17,2150,1697,136,151,529,705,2356,2,5:27,327,6:31,391,7:43,463,168,39,29
E09000012,Hackney,E05000246,Springfield,13450,14120,1016,76,3,13,6,3600,807,149,79,345,710,1668,5,5:34,334,6:12,372,8:00,480,156,21,28
E09000012,Hackney,E05000247,Stoke Newington Central,13200,18541,956,59,4,19,5,1550,1205,104,153,322,500,2168,0,4:16,256,5:38,338,8:02,482,115,21,57
E09000012,Hackney,E05000248,Victoria,14150,17639,1189,79,14,16,13,2500,539,110,151,471,710,2167,1,5:26,326,6:08,368,6:37,397,151,32,50
E09000012,Hackney,E05000249,Wick,12800,7865,1043,100,11,11,17,2400,1301,124,102,426,770,1995,4,4:26,266,5:34,334,10:02,602,248,31,73
E09000013,Hammersmith and Fulham,E05000250,Addison,11150,20096,991,73,7,5,9,1300,1479,78,238,396,385,1729,2,4:14,254,5:15,315,6:47,407,103,18,26
E09000013,Hammersmith and Fulham,E05000251,Askew,14350,18820,1329,59,6,4,6,2250,1119,155,208,492,560,2274,3,5:21,321,6:06,366,7:42,462,175,17,27
E09000013,Hammersmith and Fulham,E05000252,Avonmore and Brook Green,11700,13049,1589,63,23,28,16,1350,1040,107,209,524,340,1898,4,3:59,239,4:30,270,5:25,325,138,14,26
E09000013,Hammersmith and Fulham,E05000253,College Park and Old Oak,8950,2604,829,73,1,15,15,1600,1228,97,89,307,485,1587,6,6:01,361,6:47,407,7:45,465,75,21,40
E09000013,Hammersmith and Fulham,E05000254,Fulham Broadway,11300,16917,1234,80,6,12,15,1300,1129,101,143,556,465,1757,0,4:10,250,6:27,387,6:40,400,114,13,36
E09000013,Hammersmith and Fulham,E05000255,Fulham Reach,11200,12699,1050,47,6,13,12,1250,1098,101,144,386,375,1809,0,5:07,307,5:26,326,6:40,400,96,14,40
E09000013,Hammersmith and Fulham,E05000256,Hammersmith Broadway,12550,11378,1397,70,9,40,23,1750,2837,144,145,497,610,1873,0,4:53,293,5:54,354,7:53,473,281,26,57
E09000013,Hammersmith and Fulham,E05000257,Munster,10800,17300,1080,41,2,3,3,1450,607,56,130,404,275,1628,0,4:43,283,6:00,360,7:37,457,65,6,23
E09000013,Hammersmith and Fulham,E05000258,North End,11050,17397,960,62,8,2,15,1250,964,139,206,342,425,1908,0,4:49,289,5:41,341,5:35,335,92,19,22
E09000013,Hammersmith and Fulham,E05000259,Palace Riverside,7250,4896,1306,27,16,27,11,1150,619,25,93,511,165,1048,0,4:59,299,6:38,398,6:53,413,58,25,20
E09000013,Hammersmith and Fulham,E05000260,Parsons Green and Walham,10950,12223,1326,52,8,16,8,1850,1402,52,136,474,280,1601,4,4:04,244,6:14,374,7:15,435,93,10,25
E09000013,Hammersmith and Fulham,E05000261,Ravenscourt Park,10650,8763,1327,53,8,62,10,1550,1256,80,178,518,395,1546,0,5:18,318,5:53,353,7:13,433,174,11,30
E09000013,Hammersmith and Fulham,E05000262,Sands End,13950,10123,1606,42,36,7,43,2000,1122,79,120,444,470,2146,3,4:55,295,6:11,371,5:59,359,144,23,54
E09000013,Hammersmith and Fulham,E05000263,Shepherd's Bush Green,11850,11094,996,74,6,14,15,1550,3226,157,158,401,560,1962,3,4:52,292,5:33,333,7:00,420,149,39,52
E09000013,Hammersmith and Fulham,E05000264,Town,10900,16735,888,66,3,16,10,1550,1170,72,148,362,290,1644,29,3:37,217,7:04,424,8:28,508,51,11,38
E09000013,Hammersmith and Fulham,E05000265,Wormholt and White City,13350,14807,1335,74,1,2,3,2750,1112,150,102,444,665,2080,0,5:41,341,6:26,386,6:33,393,182,14,20
E09000014,Haringey,E05000266,Alexandra,12750,4878,1510,30,0,5,2,2450,772,43,97,315,270,1422,0,5:40,340,6:26,386,6:42,402,93,1,40
E09000014,Haringey,E05000267,Bounds Green,15100,10893,1533,65,4,11,23,2250,1501,180,185,522,585,2205,3,6:31,391,7:18,438,8:11,491,177,6,54
E09000014,Haringey,E05000268,Bruce Grove,15500,16550,1389,76,2,21,9,2650,1587,257,143,418,675,2329,2,3:43,223,4:59,299,8:04,484,150,14,64
E09000014,Haringey,E05000269,Crouch End,13650,9477,1337,27,11,8,9,1600,1170,34,232,483,235,1653,3,4:47,287,6:17,377,6:32,392,94,9,48
E09000014,Haringey,E05000270,Fortis Green,13900,6982,1668,41,2,16,7,2850,869,32,210,471,330,1584,1,5:05,305,6:04,364,8:59,539,164,8,33
E09000014,Haringey,E05000271,Harringay,14700,9387,1121,68,0,2,7,1350,1580,155,144,275,490,2273,1,5:40,340,6:45,405,7:25,445,79,7,52
E09000014,Haringey,E05000272,Highgate,12850,5151,1634,32,17,103,14,1750,868,58,194,471,245,1366,1,6:36,396,7:20,440,7:28,448,91,6,36
E09000014,Haringey,E05000273,Hornsey,13450,12762,1353,45,4,11,12,1800,1176,83,181,448,540,1836,0,3:32,212,4:40,280,7:55,475,249,8,55
E09000014,Haringey,E05000274,Muswell Hill,12250,7410,1599,34,1,13,8,1850,948,22,125,426,230,1354,0,4:11,251,5:15,315,8:47,527,166,11,49
E09000014,Haringey,E05000275,Noel Park,15450,12606,1328,90,19,3,22,2350,3418,195,170,407,810,2353,0,5:24,324,6:17,377,7:39,459,138,14,78
E09000014,Haringey,E05000276,Northumberland Park,16650,8819,1242,93,6,27,26,3800,2553,252,198,466,810,2380,10,5:36,336,6:16,376,8:21,501,200,20,104
E09000014,Haringey,E05000277,St. Ann's,15950,14582,1425,64,1,6,5,2250,1478,273,157,390,570,2553,2,6:03,363,6:30,390,7:39,459,181,6,38
E09000014,Haringey,E05000278,Seven Sisters,17750,13710,1458,65,6,4,12,4000,1754,200,131,404,735,2457,2,5:56,356,6:37,397,7:00,420,268,30,48
E09000014,Haringey,E05000279,Stroud Green,12750,11657,1064,49,1,2,7,1600,872,86,131,293,370,1687,7,5:07,307,5:55,355,8:09,489,80,5,29
E09000014,Haringey,E05000280,Tottenham Green,16750,12319,1460,88,3,15,18,2650,2672,248,169,497,720,2536,6,4:41,281,5:59,359,6:57,417,188,13,64
E09000014,Haringey,E05000281,Tottenham Hale,18550,9702,1299,82,10,8,24,3200,2302,278,206,431,735,2867,11,4:42,282,6:03,363,8:05,485,130,23,68
E09000014,Haringey,E05000282,West Green,14500,10364,1520,88,5,4,11,2250,1364,231,106,432,605,2102,0,5:43,343,6:12,372,8:13,493,112,11,37
E09000014,Haringey,E05000283,White Hart Lane,13900,8182,1257,78,2,12,9,3150,1461,176,142,419,785,2004,8,5:49,349,6:30,390,8:28,508,198,10,38
E09000014,Haringey,E05000284,Woodside,16050,10720,1413,73,2,9,9,2300,1508,262,147,406,665,2507,4,6:11,371,7:21,441,7:54,474,190,9,44
E09000015,Harrow,E05000285,Belmont,11600,6528,1675,21,0,1,2,2250,535,59,39,285,275,607,1,5:31,331,6:01,361,11:06,666,35,4,29
E09000015,Harrow,E05000286,Canons,14550,2586,2786,31,2,21,10,2800,638,70,44,752,385,703,3,5:48,348,7:16,436,9:56,596,110,9,46
E09000015,Harrow,E05000287,Edgware,13200,9407,1524,47,0,3,2,2500,727,162,83,323,380,758,0,5:44,344,6:16,376,8:31,511,29,11,20
E09000015,Harrow,E05000288,Greenhill,14950,8568,1547,42,9,10,10,1750,1968,154,144,438,490,766,0,6:17,377,7:57,477,8:50,530,54,38,33
E09000015,Harrow,E05000289,Harrow on the Hill,13100,3667,1722,47,9,82,11,3100,830,70,85,496,360,694,0,5:32,332,6:19,379,7:30,450,174,5,55
E09000015,Harrow,E05000290,Harrow Weald,11700,2549,2075,50,0,25,3,2200,666,80,60,620,450,636,0,6:47,407,7:53,473,8:20,500,117,5,28
E09000015,Harrow,E05000291,Hatch End,10850,3309,2347,52,2,6,4,1800,394,48,64,553,320,530,0,5:50,350,9:31,571,11:26,686,62,5,17
E09000015,Harrow,E05000292,Headstone North,10550,3201,1825,21,0,9,3,1650,436,28,40,389,290,526,1,4:23,263,7:34,454,7:59,479,82,1,20
E09000015,Harrow,E05000293,Headstone South,11950,8142,1652,23,1,2,6,2000,494,79,72,337,350,639,0,5:09,309,7:42,462,7:31,451,23,4,19
E09000015,Harrow,E05000294,Kenton East,11100,8677,1552,40,0,0,0,1600,452,115,59,316,380,715,1,5:35,335,6:34,394,11:58,718,48,3,24
E09000015,Harrow,E05000295,Kenton West,11400,6460,1878,21,0,4,3,1700,541,75,56,248,345,646,0,6:32,392,6:46,406,9:19,559,31,2,14
E09000015,Harrow,E05000296,Marlborough,12950,7865,1471,41,0,3,7,2000,856,157,110,359,410,778,2,6:15,375,7:31,451,8:39,519,132,12,29
E09000015,Harrow,E05000297,Pinner,10350,3158,2206,44,0,51,3,1600,501,23,63,621,325,537,0,6:16,376,9:49,589,9:40,580,71,10,14
E09000015,Harrow,E05000298,Pinner South,10750,4583,2020,16,0,4,0,2100,381,16,35,496,245,504,1,5:17,317,7:26,446,7:50,470,49,1,16
E09000015,Harrow,E05000299,Queensbury,12250,7592,1649,28,0,0,5,2250,488,141,50,288,355,736,2,4:33,273,6:05,365,,0,44,6,23
E09000015,Harrow,E05000300,Rayners Lane,11400,7452,1762,22,0,3,1,2050,499,61,69,337,270,611,2,5:25,325,6:37,397,,0,34,6,36
E09000015,Harrow,E05000301,Roxbourne,12950,8600,1420,58,6,0,3,2250,868,106,93,448,585,815,2,5:13,313,6:00,360,8:10,490,210,8,48
E09000015,Harrow,E05000302,Roxeth,11700,7429,1517,35,0,1,5,2200,663,108,79,321,330,710,0,4:24,264,5:36,336,7:31,451,69,3,69
E09000015,Harrow,E05000303,Stanmore Park,12000,2691,2778,58,4,58,6,1800,594,59,54,643,515,611,1,5:56,356,6:34,394,8:34,514,116,6,25
E09000015,Harrow,E05000304,Wealdstone,12300,10284,1470,50,0,2,4,2450,778,136,89,395,445,712,1,6:47,407,8:04,484,8:42,522,71,11,18
E09000015,Harrow,E05000305,West Harrow,10450,6899,1533,30,0,1,6,1750,460,58,72,320,385,602,0,5:37,337,7:02,422,8:44,524,38,3,19
E09000016,Havering,E05000306,Brooklands,18700,4450,2126,48,2,3,25,3500,1436,48,185,682,630,2070,1,5:24,324,7:14,434,7:52,472,128,17,42
E09000016,Havering,E05000307,Cranham,13100,1998,3116,25,0,4,7,2250,401,11,56,946,315,1386,0,7:43,463,10:29,629,,0,98,2,21
E09000016,Havering,E05000308,Elm Park,13300,3629,2640,52,0,3,4,2300,661,22,142,855,500,1602,0,7:00,420,9:41,581,9:12,552,130,10,19
E09000016,Havering,E05000309,Emerson Park,12350,2660,2705,22,0,3,8,2050,490,19,45,626,345,1327,0,5:30,330,8:03,483,6:04,364,66,8,16
E09000016,Havering,E05000310,Gooshays,16350,2107,1880,75,0,7,13,3250,1732,56,115,768,890,2053,6,5:53,353,7:21,441,12:33,753,196,11,65
E09000016,Havering,E05000311,Hacton,12550,5090,2573,32,0,0,2,1950,483,14,105,715,355,1457,0,5:45,345,10:07,607,13:27,807,68,4,20
E09000016,Havering,E05000312,Harold Wood,14600,1924,2471,66,0,9,31,2300,1044,30,155,721,540,1706,0,4:45,285,6:48,408,,0,152,15,66
E09000016,Havering,E05000313,Havering Park,13500,1380,2218,51,2,13,11,2450,711,31,96,623,605,1632,1,5:53,353,9:25,565,13:07,787,126,5,34
E09000016,Havering,E05000314,Heaton,14200,4157,2216,67,2,1,11,2900,1089,33,94,822,800,1729,6,4:32,272,6:35,395,,0,184,15,52
E09000016,Havering,E05000315,Hylands,13400,4624,2507,34,0,2,4,2050,832,14,71,623,430,1598,4,5:47,347,7:15,435,7:28,448,188,7,26
E09000016,Havering,E05000316,Mawneys,13500,4437,2520,44,0,1,5,2200,814,21,118,732,520,1589,4,5:27,327,8:25,505,15:07,907,140,6,33
E09000016,Havering,E05000317,Pettits,13550,3426,3163,26,1,10,8,2100,648,18,65,733,405,1482,0,3:50,230,7:30,450,11:00,660,113,4,34
E09000016,Havering,E05000318,Rainham and Wennington,13100,776,2383,56,0,16,32,2150,1030,29,102,663,500,1622,2,7:02,422,10:21,621,10:29,629,173,13,140
E09000016,Havering,E05000319,Romford Town,17400,6074,2711,60,7,9,38,2350,3557,48,195,824,585,2148,1,5:24,324,6:53,413,7:43,463,222,69,95
E09000016,Havering,E05000320,St. Andrew's,13750,5136,3231,32,4,12,15,2000,1035,24,114,1019,445,1623,1,4:10,250,8:43,523,11:09,669,93,30,35
E09000016,Havering,E05000321,South Hornchurch,15350,2233,2502,67,2,3,34,3050,1066,33,112,707,595,1746,3,7:14,434,7:52,472,10:06,606,385,17,80
E09000016,Havering,E05000322,Squirrel's Heath,14100,5318,2412,25,5,4,18,2150,646,12,107,681,395,1604,5,5:25,325,6:38,398,7:43,463,129,15,34
E09000016,Havering,E05000323,Upminster,13250,588,3271,15,0,42,24,2100,884,7,69,759,245,1393,2,7:36,456,10:48,648,,0,76,4,32
E09000017,Hillingdon,E05000324,Barnhill,14300,6751,1440,60,1,0,5,2850,1255,155,96,381,540,1733,1,6:41,401,7:12,432,9:03,543,125,3,28
E09000017,Hillingdon,E05000325,Botwell,19650,4504,1554,49,10,5,32,3950,1790,158,79,432,730,2095,1,5:31,331,7:24,444,8:35,515,89,18,73
E09000017,Hillingdon,E05000326,Brunel,14500,4425,1609,48,0,26,9,2200,1424,78,95,494,550,2001,6,4:56,296,6:34,394,7:54,474,114,15,53
E09000017,Hillingdon,E05000327,Cavendish,12450,6190,2137,19,0,1,2,2300,579,22,52,565,335,1322,0,6:58,418,8:09,489,13:06,786,75,3,20
E09000017,Hillingdon,E05000328,Charville,13250,4455,1737,47,0,4,3,2650,731,67,126,417,420,1562,3,5:43,343,6:21,381,10:54,654,114,3,38
E09000017,Hillingdon,E05000329,Eastcote and East Ruislip,14450,3556,2835,27,0,35,2,2800,623,20,62,679,325,1367,2,6:32,392,8:06,486,12:16,736,65,5,25
E09000017,Hillingdon,E05000330,Harefield,7900,519,1542,35,0,43,10,1350,431,25,67,390,335,861,1,8:17,497,11:49,709,,0,52,2,24
E09000017,Hillingdon,E05000331,Heathrow Villages,13700,582,1091,49,1,59,89,2100,4559,158,130,377,385,1820,2,6:23,383,8:37,517,9:30,570,91,24,396
E09000017,Hillingdon,E05000332,Hillingdon East,13800,3835,1784,43,0,1,4,2750,904,59,95,448,505,1558,5,5:15,315,6:19,379,8:20,500,126,3,53
E09000017,Hillingdon,E05000333,Ickenham,11050,1781,2150,14,0,28,7,2100,412,16,34,557,225,1117,0,6:52,412,8:26,506,16:23,983,33,2,25
E09000017,Hillingdon,E05000334,Manor,12200,6180,2006,19,0,7,2,2100,531,18,83,591,260,1335,1,6:44,404,8:55,535,,0,38,3,28
E09000017,Hillingdon,E05000335,Northwood,11300,1527,2615,24,1,19,10,1650,557,21,63,680,300,1143,0,6:53,413,9:52,592,9:37,577,94,9,23
E09000017,Hillingdon,E05000336,Northwood Hills,12450,3740,2192,30,0,11,3,2050,607,30,64,628,415,1333,1,7:19,439,8:24,504,10:44,644,77,10,14
E09000017,Hillingdon,E05000337,Pinkwell,16200,5895,1509,54,0,1,6,3800,1229,177,85,360,565,1917,1,4:49,289,7:50,470,9:20,560,173,15,41
E09000017,Hillingdon,E05000338,South Ruislip,13350,1800,1793,25,0,6,11,2100,945,43,112,482,350,1539,0,7:06,426,8:52,532,7:40,460,68,10,24
E09000017,Hillingdon,E05000339,Townfield,16250,4645,1510,53,6,7,18,3150,2185,195,107,410,640,1913,2,6:07,367,6:59,419,7:00,420,171,16,68
E09000017,Hillingdon,E05000340,Uxbridge North,14950,3221,2289,36,1,41,17,2250,1680,31,82,630,390,1519,1,5:50,350,7:28,448,10:29,629,130,13,55
E09000017,Hillingdon,E05000341,Uxbridge South,15300,4913,1433,44,5,50,24,1400,1584,108,128,584,500,2032,0,6:05,365,8:02,482,11:58,718,210,17,58
E09000017,Hillingdon,E05000342,West Drayton,18400,5271,1840,59,0,41,7,3650,1487,95,118,513,715,2019,3,7:25,445,8:37,517,9:29,569,194,14,67
E09000017,Hillingdon,E05000343,West Ruislip,12000,2735,2189,28,1,27,14,1650,781,16,77,585,330,1288,0,4:41,281,7:54,474,7:33,453,125,8,41
E09000017,Hillingdon,E05000344,Yeading,14850,6397,1303,69,1,0,7,3200,1196,167,111,305,540,1754,2,6:47,407,8:13,493,7:17,437,84,1,21
E09000017,Hillingdon,E05000345,Yiewsley,14650,3642,1519,50,2,13,14,2600,1768,120,129,445,645,1728,1,6:36,396,8:04,484,11:11,671,121,0,56
E09000018,Hounslow,E05000346,Bedfont,13650,3069,1666,56,0,17,8,2700,992,78,109,493,550,1569,1,5:30,330,6:30,390,11:57,717,84,8,63
E09000018,Hounslow,E05000347,Brentford,18050,5670,1713,54,28,48,31,2550,1852,89,170,561,605,1723,0,5:56,356,7:34,454,7:55,475,412,21,84
E09000018,Hounslow,E05000348,Chiswick Homefields,12050,5334,1535,48,1,169,11,1900,947,36,130,455,255,1068,2,5:21,321,7:12,432,10:36,636,56,7,37
E09000018,Hounslow,E05000349,Chiswick Riverside,12250,5889,1822,42,2,56,5,2000,755,33,109,551,325,1080,0,4:41,281,6:57,417,8:48,528,91,4,38
E09000018,Hounslow,E05000350,Cranford,13500,4952,1481,70,1,3,13,2350,1054,199,66,315,545,1575,6,5:31,331,6:44,404,6:52,412,211,23,125
E09000018,Hounslow,E05000351,Feltham North,11750,3472,1580,44,1,5,21,1850,1032,105,113,484,490,1407,2,4:09,249,5:17,317,8:25,505,133,6,187
E09000018,Hounslow,E05000352,Feltham West,16100,5061,1232,44,11,8,15,3450,1306,88,184,360,600,1853,1,6:10,370,7:03,423,8:25,505,241,5,80
E09000018,Hounslow,E05000353,Hanworth,12450,3851,1587,62,1,3,9,2500,951,77,100,474,555,1459,1,6:35,395,7:57,477,9:58,598,142,4,87
E09000018,Hounslow,E05000354,Hanworth Park,12300,3360,1610,63,1,16,9,2200,987,53,121,491,480,1407,0,5:44,344,6:42,402,8:25,505,171,4,74
E09000018,Hounslow,E05000355,Heston Central,12950,7686,1512,46,0,2,5,2250,915,149,72,294,510,1409,2,6:49,409,8:17,497,10:42,642,107,8,44
E09000018,Hounslow,E05000356,Heston East,13000,6313,1605,50,3,7,6,2150,959,144,79,340,445,1420,1,5:52,352,6:53,413,8:41,521,95,10,36
E09000018,Hounslow,E05000357,Heston West,13300,3476,1504,65,1,4,10,2650,1413,185,66,332,545,1428,3,7:30,450,9:17,557,10:01,601,129,28,41
E09000018,Hounslow,E05000358,Hounslow Central,17400,10035,1709,43,7,7,10,2650,3148,273,195,489,485,1924,0,4:32,272,5:59,359,9:09,549,109,28,73
E09000018,Hounslow,E05000359,Hounslow Heath,15600,5608,1494,50,1,2,2,2850,1239,216,146,294,535,1713,0,5:50,350,7:05,425,9:19,559,137,1,58
E09000018,Hounslow,E05000360,Hounslow South,12150,6787,1702,24,0,2,3,2250,599,60,99,369,305,1246,3,5:44,344,6:18,378,8:04,484,68,1,42
E09000018,Hounslow,E05000361,Hounslow West,14650,9042,1597,53,2,12,6,2150,1467,258,83,348,565,1680,1,5:40,340,6:31,391,6:47,407,80,8,81
E09000018,Hounslow,E05000362,Isleworth,12650,6229,1567,74,5,38,14,2200,923,90,130,388,555,1315,3,5:29,329,6:46,406,8:02,482,80,7,42
E09000018,Hounslow,E05000363,Osterley and Spring Grove,14100,2246,1755,35,1,31,12,2200,1227,82,115,389,300,1394,2,4:51,291,6:50,410,9:27,567,56,11,64
E09000018,Hounslow,E05000364,Syon,15150,5309,1522,57,12,61,11,2350,1597,80,149,553,590,1512,3,4:49,289,5:25,325,7:55,475,128,12,67
E09000018,Hounslow,E05000365,Turnham Green,12100,6838,1753,32,3,21,13,1450,1431,52,187,671,290,1177,3,4:27,267,6:46,406,8:57,537,84,16,96
E09000019,Islington,E05000366,Barnsbury,13700,16504,1365,83,9,142,13,1950,1822,67,154,464,590,1642,1,4:34,274,6:14,374,7:28,448,330,27,21
E09000019,Islington,E05000367,Bunhill,17700,16349,1242,66,75,172,55,2100,4069,78,243,494,625,2284,2,4:40,280,6:33,393,6:51,411,137,96,41
E09000019,Islington,E05000368,Caledonian,15750,13863,1308,75,10,44,17,1800,2323,92,165,566,835,1902,3,5:18,318,6:19,379,7:36,456,137,29,49
E09000019,Islington,E05000369,Canonbury,13250,16414,1378,70,10,66,11,1950,1091,95,100,500,695,1532,0,4:53,293,6:42,402,8:35,515,71,20,33
E09000019,Islington,E05000370,Clerkenwell,12600,13510,1056,55,44,232,31,1450,2713,63,139,420,530,1527,3,5:15,315,6:29,389,7:50,470,125,53,66
E09000019,Islington,E05000371,Finsbury Park,16400,17899,1613,100,8,15,15,2250,3305,147,175,416,925,2054,6,4:20,260,7:26,446,8:48,528,109,47,62
E09000019,Islington,E05000372,Highbury East,13650,13541,1357,65,5,27,4,2050,1248,57,135,453,505,1427,1,4:48,288,6:46,406,8:37,517,83,16,36
E09000019,Islington,E05000373,Highbury West,18550,17136,1114,74,13,6,21,2100,1851,109,214,393,645,2071,6,4:49,289,6:12,372,7:41,461,127,50,48
E09000019,Islington,E05000374,Hillrise,13250,16066,1402,77,7,3,10,2200,965,81,97,422,765,1429,1,5:04,304,6:25,385,5:58,358,95,6,23
E09000019,Islington,E05000375,Holloway,16900,16754,1345,65,24,19,25,2100,1743,112,139,541,885,2211,6,4:44,284,5:46,346,6:38,398,165,29,48
E09000019,Islington,E05000376,Junction,13250,12895,1431,93,8,13,14,1650,2190,70,156,617,670,1516,0,5:14,314,5:40,340,7:41,461,188,48,33
E09000019,Islington,E05000377,Mildmay,14450,17477,1094,80,9,51,9,2350,1297,92,107,498,710,1676,3,5:07,307,6:21,381,8:28,508,147,16,47
E09000019,Islington,E05000378,St. George's,13500,15961,1290,81,17,6,10,1800,1218,80,112,424,660,1507,0,4:50,290,4:45,285,6:23,383,111,8,22
E09000019,Islington,E05000379,St. Mary's,13050,15029,1242,74,5,136,16,1300,2504,74,151,455,640,1503,2,3:38,218,6:33,393,7:07,427,81,61,47
E09000019,Islington,E05000380,St. Peter's,14850,18321,1258,82,15,107,22,1550,2122,73,130,489,580,1545,1,4:41,281,6:21,381,8:30,510,73,34,34
E09000019,Islington,E05000381,Tollington,14550,17144,1291,65,3,6,4,1900,1530,103,149,445,785,1680,2,4:08,248,6:28,388,6:49,409,112,24,28
E09000020,Kensington and Chelsea,E05000382,Abingdon,10850,17206,1584,42,33,25,14,1450,1737,41,260,441,190,1677,0,4:40,280,6:34,394,5:51,351,137,18,26
E09000020,Kensington and Chelsea,E05000383,Brompton,9000,9423,1536,46,99,158,24,1300,1252,42,251,515,115,1371,8,4:46,286,6:11,371,8:09,489,65,32,36
E09000020,Kensington and Chelsea,E05000384,Campden,8300,9084,1285,24,44,113,10,1250,879,26,164,429,110,1254,1,4:07,247,5:52,352,7:15,435,58,31,25
E09000020,Kensington and Chelsea,E05000385,Colville,8100,20657,942,59,10,10,9,1050,2553,78,207,426,410,1281,1,4:07,247,4:38,278,6:50,410,69,16,37
E09000020,Kensington and Chelsea,E05000386,Courtfield,8450,17693,1071,47,86,58,10,1050,1106,33,255,359,120,1381,0,4:47,287,5:56,356,7:18,438,49,34,18
E09000020,Kensington and Chelsea,E05000387,Cremorne,7750,12699,1596,81,19,66,38,1000,849,49,144,559,490,1210,2,4:01,241,5:33,333,6:15,375,201,25,30
E09000020,Kensington and Chelsea,E05000388,Earl's Court,9350,20402,915,64,9,6,5,950,1823,74,281,409,360,1459,1,5:22,322,6:39,399,6:20,380,200,28,28
E09000020,Kensington and Chelsea,E05000389,Golborne,9250,9797,1024,88,6,166,11,1550,1050,113,113,382,590,1412,4,3:48,228,5:10,310,6:03,363,126,22,51
E09000020,Kensington and Chelsea,E05000390,Hans Town,8650,15661,1658,43,130,87,11,950,888,36,197,582,180,1383,0,4:42,282,7:25,445,8:55,535,60,9,17
E09000020,Kensington and Chelsea,E05000391,Holland,9800,9433,1278,39,33,122,5,1600,1109,46,149,377,185,1435,0,5:06,306,6:03,363,5:47,347,46,11,13
E09000020,Kensington and Chelsea,E05000392,Norland,8550,11811,1707,75,7,68,8,1300,1229,53,139,603,325,1285,2,4:44,284,5:32,332,6:50,410,66,14,41
E09000020,Kensington and Chelsea,E05000393,Notting Barns,9350,15000,1394,70,3,7,16,1700,624,106,92,438,590,1387,180,4:29,269,5:30,330,9:18,558,270,11,59
E09000020,Kensington and Chelsea,E05000394,Pembridge,7450,15233,910,35,11,79,10,950,537,28,263,413,125,1179,0,4:37,277,5:31,331,5:13,313,52,15,24
E09000020,Kensington and Chelsea,E05000395,Queen's Gate,9650,15912,1066,24,138,116,11,1200,939,29,296,389,55,1533,2,4:16,256,6:07,367,6:19,379,32,27,28
E09000020,Kensington and Chelsea,E05000396,Redcliffe,9250,13283,1219,40,18,67,10,1350,1027,29,195,434,170,1418,2,5:01,301,6:03,363,6:37,397,77,12,17
E09000020,Kensington and Chelsea,E05000397,Royal Hospital,7200,7988,1884,36,30,128,10,800,775,17,125,544,145,1161,1,3:38,218,6:46,406,8:19,499,39,21,41
E09000020,Kensington and Chelsea,E05000398,St. Charles,9000,12715,1264,86,3,5,11,1550,746,68,96,477,660,1339,7,3:35,215,4:58,298,6:35,395,214,14,39
E09000020,Kensington and Chelsea,E05000399,Stanley,7950,12003,1580,30,24,49,23,900,1316,27,123,463,180,1271,0,3:21,201,5:52,352,4:25,265,43,29,46
E09000021,Kingston upon Thames,E05000400,Alexandra,10200,3799,1689,25,0,0,10,1950,464,14,80,393,245,1049,2,6:14,374,7:54,474,11:11,671,31,6,21
E09000021,Kingston upon Thames,E05000401,Berrylands,10600,7291,1586,46,0,10,11,1450,411,26,183,595,325,1067,0,4:16,256,8:41,521,9:56,596,123,6,17
E09000021,Kingston upon Thames,E05000402,Beverley,11350,6043,1666,45,1,2,16,2050,807,43,128,433,365,1157,1,4:41,281,8:04,484,9:48,588,171,10,71
E09000021,Kingston upon Thames,E05000403,Canbury,15500,12476,1189,26,4,11,23,2700,592,39,139,377,315,1528,0,4:46,286,6:17,377,10:19,619,102,12,128
E09000021,Kingston upon Thames,E05000404,Chessington North and Hook,9300,4819,1608,26,0,3,10,1650,435,30,77,413,375,1035,1,7:30,450,10:13,613,10:15,615,40,2,28
E09000021,Kingston upon Thames,E05000405,Chessington South,11100,1470,1699,29,0,6,13,1950,587,14,89,409,315,1206,0,8:47,527,10:39,639,14:21,861,47,3,23
E09000021,Kingston upon Thames,E05000406,Coombe Hill,11250,2544,1754,26,7,26,12,2000,590,29,61,400,185,1200,0,6:29,389,7:34,454,8:10,490,182,4,55
E09000021,Kingston upon Thames,E05000407,Coombe Vale,10500,6375,1572,22,0,4,3,1950,314,16,114,377,190,1041,0,5:51,351,9:03,543,,0,65,3,21
E09000021,Kingston upon Thames,E05000408,Grove,12550,6535,1100,35,9,60,48,1250,3420,40,197,502,265,1364,2,4:57,297,6:19,379,7:04,424,94,15,133
E09000021,Kingston upon Thames,E05000409,Norbiton,11250,8351,966,61,6,9,19,1700,660,63,142,360,355,1256,2,5:30,330,6:57,417,8:57,537,294,10,98
E09000021,Kingston upon Thames,E05000410,Old Malden,10200,5666,1800,30,0,5,2,1850,340,25,71,363,255,1043,0,6:05,365,7:23,443,7:09,429,66,2,23
E09000021,Kingston upon Thames,E05000411,St. James,9650,4455,1820,23,0,2,4,1800,397,24,71,443,260,977,0,4:20,260,7:33,453,8:45,525,79,3,28
E09000021,Kingston upon Thames,E05000412,St. Mark's,12150,8831,927,33,1,16,15,1350,694,24,268,414,160,1657,0,4:03,243,8:04,484,9:46,586,110,5,51
E09000021,Kingston upon Thames,E05000413,Surbiton Hill,11550,6938,1511,19,1,6,5,1450,485,29,173,498,285,1188,0,4:09,249,8:08,488,9:05,545,55,5,24
E09000021,Kingston upon Thames,E05000414,Tolworth and Hook Rise,10850,4182,1429,26,0,0,15,1850,779,37,92,381,300,1183,1,6:35,395,8:01,481,11:01,661,121,10,39
E09000021,Kingston upon Thames,E05000415,Tudor,10300,6509,1539,13,3,1,8,2200,387,12,58,404,195,943,0,3:34,214,4:33,273,11:25,685,108,1,63
E09000022,Lambeth,E05000416,Bishop's,10150,6593,954,53,22,117,49,1050,3106,76,228,364,360,1920,0,4:22,262,4:59,299,6:11,371,74,28,80
E09000022,Lambeth,E05000417,Brixton Hill,16800,14851,1178,66,11,27,16,1750,1706,171,181,440,610,2642,1,5:06,306,5:49,349,6:45,405,198,15,49
E09000022,Lambeth,E05000418,Clapham Common,13900,10384,1085,54,11,35,17,1550,1184,86,177,331,375,1887,3,4:26,266,5:57,357,6:49,409,189,24,29
E09000022,Lambeth,E05000419,Clapham Town,15300,13674,1210,65,13,92,17,1750,2272,84,195,442,500,2163,0,4:10,250,5:57,357,6:33,393,136,30,44
E09000022,Lambeth,E05000420,Coldharbour,17850,14776,1141,78,19,31,26,2850,3321,202,217,463,780,2667,1,3:29,209,4:43,283,7:15,435,324,36,114
E09000022,Lambeth,E05000421,Ferndale,17350,20394,984,71,6,36,16,1450,2525,142,223,406,630,2299,5,4:02,242,5:06,306,6:23,383,237,18,68
E09000022,Lambeth,E05000422,Gipsy Hill,14850,9455,1194,73,5,75,11,2850,1142,86,159,451,685,2041,1,4:45,285,5:24,324,8:19,499,183,14,41
E09000022,Lambeth,E05000423,Herne Hill,16450,8102,1184,74,6,26,24,2350,1493,135,183,407,580,2352,1,4:28,268,5:25,325,7:33,453,115,23,84
E09000022,Lambeth,E05000424,Knight's Hill,15500,10532,1596,84,2,16,19,2950,1099,119,151,489,650,2245,0,3:58,238,4:58,298,7:49,469,285,6,66
E09000022,Lambeth,E05000425,Larkhall,19350,18233,1082,66,11,34,17,2900,1811,202,225,379,640,2704,0,4:24,264,5:04,304,6:52,412,283,15,52
E09000022,Lambeth,E05000426,Oval,16850,13188,1311,58,20,76,40,1900,2224,130,309,472,570,2451,2,4:38,278,5:14,314,6:30,390,150,23,63
E09000022,Lambeth,E05000427,Prince's,15900,13665,1552,58,32,107,44,2100,1668,132,176,654,630,2419,2,3:59,239,5:17,317,6:55,415,258,34,72
E09000022,Lambeth,E05000428,St. Leonard's,16200,11190,1227,55,0,16,7,1950,1685,110,300,399,495,2591,1,5:37,337,6:04,364,7:01,421,64,25,55
E09000022,Lambeth,E05000429,Stockwell,15900,18344,1148,65,30,75,17,2350,1297,191,260,400,565,2404,2,4:44,284,5:02,302,6:24,384,229,25,36
E09000022,Lambeth,E05000430,Streatham Hill,15700,12356,1291,59,3,6,11,2200,1087,118,229,416,530,2339,3,5:55,355,6:30,390,7:11,431,183,13,43
E09000022,Lambeth,E05000431,Streatham South,14650,8627,1827,50,0,7,4,2250,1104,140,182,455,505,2298,0,5:10,310,5:09,309,8:08,488,100,5,30
E09000022,Lambeth,E05000432,Streatham Wells,16900,11657,1395,64,6,19,9,2750,932,125,198,519,555,2469,2,5:48,348,6:22,382,7:52,472,263,18,41
E09000022,Lambeth,E05000433,Thornton,14200,13178,1096,59,2,5,7,2400,655,82,179,387,405,1885,3,5:44,344,6:18,378,7:42,462,273,11,26
E09000022,Lambeth,E05000434,Thurlow Park,14400,9506,1339,59,0,12,4,2300,1224,97,150,492,525,1948,1,4:56,296,5:44,344,6:27,387,172,13,27
E09000022,Lambeth,E05000435,Tulse Hill,16400,15892,1145,66,16,13,15,2600,1362,172,200,434,650,2424,3,5:23,323,5:39,339,7:18,438,187,10,42
E09000022,Lambeth,E05000436,Vassall,16550,14650,1165,73,5,115,6,2150,1470,161,129,408,760,2459,1,4:39,279,4:59,299,5:45,345,167,12,54
E09000023,Lewisham,E05000437,Bellingham,16050,5203,1620,79,9,9,12,3550,1511,130,148,670,915,2560,0,6:22,382,7:48,468,9:16,556,157,6,54
E09000023,Lewisham,E05000438,Blackheath,15350,6622,1602,68,21,139,25,2150,1330,73,212,640,440,2419,1,4:41,281,5:55,355,7:09,429,109,15,63
E09000023,Lewisham,E05000439,Brockley,18950,11268,1204,71,14,25,26,2150,1613,182,323,459,645,3376,2,5:12,312,6:14,374,6:18,378,246,17,58
E09000023,Lewisham,E05000440,Catford South,15750,8438,1898,49,0,3,2,2850,895,107,185,454,645,2617,0,5:42,342,6:42,402,8:12,492,44,4,16
E09000023,Lewisham,E05000441,Crofton Park,15650,9101,1602,58,0,6,9,2150,946,75,192,466,520,2582,2,3:53,233,6:30,390,9:41,581,200,6,44
E09000023,Lewisham,E05000442,Downham,15400,6466,1881,65,1,0,1,3250,1229,75,182,825,940,2551,5,6:24,384,7:30,450,7:07,427,108,3,39
E09000023,Lewisham,E05000443,Evelyn,21200,11936,1078,78,26,33,22,3700,1442,221,195,424,780,3305,4,4:11,251,6:16,376,6:47,407,381,13,105
E09000023,Lewisham,E05000444,Forest Hill,16400,8972,1542,59,19,30,28,2900,1091,84,223,514,510,2572,0,5:09,309,8:01,481,8:24,504,172,13,33
E09000023,Lewisham,E05000445,Grove Park,15550,6498,1992,64,2,2,7,2650,827,64,144,722,785,2489,1,6:08,368,7:25,445,8:09,489,103,8,42
E09000023,Lewisham,E05000446,Ladywell,15150,9433,1340,50,1,11,7,2050,861,140,153,395,570,2558,6,4:42,282,6:57,417,,0,80,4,22
E09000023,Lewisham,E05000447,Lee Green,15750,8758,1742,47,4,14,13,2450,1119,121,175,605,605,2607,1,4:02,242,6:11,371,7:33,453,170,5,46
E09000023,Lewisham,E05000448,Lewisham Central,23450,11372,1759,85,20,22,32,3050,3084,224,292,609,845,3538,10,3:49,229,5:55,355,6:55,415,360,39,98
E09000023,Lewisham,E05000449,New Cross,18500,10215,947,69,5,19,27,2700,2283,239,364,380,705,3084,0,4:35,275,5:58,358,6:33,393,228,24,82
E09000023,Lewisham,E05000450,Perry Vale,16550,9825,1589,66,11,6,17,2650,998,87,226,541,585,2691,3,4:20,260,7:49,469,8:03,483,190,11,40
E09000023,Lewisham,E05000451,Rushey Green,17150,9607,1458,81,5,5,17,3050,2057,138,250,478,830,2666,6,4:10,250,6:11,371,9:18,558,191,15,42
E09000023,Lewisham,E05000452,Sydenham,16600,9520,1958,58,17,17,23,2550,1231,129,185,770,695,2773,3,6:02,362,7:30,450,9:46,586,204,12,44
E09000023,Lewisham,E05000453,Telegraph Hill,17700,11446,1399,63,5,14,3,2800,1074,141,183,427,715,3049,2,4:26,266,6:42,402,5:47,347,248,11,60
E09000023,Lewisham,E05000454,Whitefoot,15250,6838,1787,74,2,8,8,3450,1217,84,148,615,850,2488,0,7:06,426,7:45,465,7:40,460,148,6,38
E09000024,Merton,E05000455,Abbey,10700,7680,900,40,4,9,21,1300,801,50,181,402,290,1082,1,3:45,225,6:47,407,5:56,356,71,10,40
E09000024,Merton,E05000456,Cannon Hill,9550,4295,1652,23,0,1,1,1600,473,33,79,415,240,938,1,6:00,360,7:21,441,8:06,486,35,2,12
E09000024,Merton,E05000457,Colliers Wood,11050,9947,957,44,3,7,15,1300,825,91,195,246,275,1190,1,5:36,336,6:53,413,7:14,434,87,3,56
E09000024,Merton,E05000458,Cricket Green,12000,4006,1466,57,2,28,32,2250,930,108,139,485,585,1231,1,5:20,320,7:47,467,10:53,653,222,16,64
E09000024,Merton,E05000459,Dundonald,9750,8464,982,12,0,1,11,1200,620,23,133,348,120,913,2,4:43,283,7:47,467,9:43,583,37,4,16
E09000024,Merton,E05000460,Figge's Marsh,12050,10552,1126,53,1,9,9,2250,1150,130,116,369,490,1227,2,5:57,357,7:24,444,10:16,616,98,6,38
E09000024,Merton,E05000461,Graveney,10050,11388,1255,26,1,2,3,1550,579,118,97,315,240,1084,0,6:30,390,7:53,473,5:43,343,35,3,12
E09000024,Merton,E05000462,Hillside,9350,7864,1381,15,4,25,10,1050,666,22,109,596,140,834,2,5:17,317,7:19,439,11:14,674,96,6,32
E09000024,Merton,E05000463,Lavender Fields,11100,9410,810,45,0,2,4,1900,585,99,185,244,380,1180,1,5:56,356,7:30,450,10:13,613,54,3,26
E09000024,Merton,E05000464,Longthornton,10750,7247,1204,38,0,0,2,2050,590,68,119,356,360,1107,6,5:13,313,6:11,371,7:08,428,62,2,32
E09000024,Merton,E05000465,Lower Morden,9050,5017,1583,18,0,0,5,1500,382,20,58,391,265,911,0,7:08,428,9:51,591,,0,20,1,22
E09000024,Merton,E05000466,Merton Park,9600,5292,1471,22,1,9,7,1600,586,34,113,422,180,899,0,4:32,272,6:21,381,9:19,559,80,3,18
E09000024,Merton,E05000467,Pollards Hill,10800,4992,1167,62,0,2,5,2250,649,81,104,327,420,1119,0,5:23,323,5:55,355,7:01,421,104,0,14
E09000024,Merton,E05000468,Ravensbury,10050,5463,1363,45,0,15,9,1850,717,96,148,425,450,1040,1,4:05,245,6:43,403,,0,49,2,33
E09000024,Merton,E05000469,Raynes Park,10150,5467,1489,38,1,2,4,1800,652,23,131,453,220,917,0,5:18,318,7:10,430,9:45,585,51,3,24
E09000024,Merton,E05000470,St. Helier,11100,6015,1400,40,0,9,9,1950,663,63,178,501,510,1111,0,5:32,332,6:15,375,7:39,459,76,7,36
E09000024,Merton,E05000471,Trinity,10150,9433,1028,25,1,5,10,1450,924,29,132,311,250,978,0,4:49,289,8:30,510,7:13,433,53,11,27
E09000024,Merton,E05000472,Village,8500,1368,1827,15,3,111,16,1450,578,11,47,460,100,673,0,6:43,403,8:16,496,10:13,613,24,2,33
E09000024,Merton,E05000473,West Barnes,10800,5534,1545,25,0,1,5,2000,635,36,72,367,195,948,1,5:19,319,7:29,449,,0,49,4,26
E09000024,Merton,E05000474,Wimbledon Park,11800,5108,1051,21,3,3,18,1950,663,44,146,262,220,998,0,6:30,390,7:03,423,8:07,487,53,22,48
E09000025,Newham,E05000475,Beckton,16000,2559,991,89,12,4,26,2950,1936,207,178,317,775,2734,3,5:27,327,7:18,438,9:46,586,87,16,42
E09000025,Newham,E05000476,Boleyn,17400,18971,1525,77,11,1,15,3700,1197,468,141,421,685,2736,3,5:07,307,6:11,371,6:50,410,72,16,30
E09000025,Newham,E05000477,Canning Town North,17700,7021,1404,88,5,17,40,3550,2185,316,131,519,810,2880,2,5:25,325,7:03,423,8:03,483,112,34,66
E09000025,Newham,E05000478,Canning Town South,18750,10366,1368,70,24,5,37,2800,1704,334,209,482,705,3137,3,5:31,331,6:40,400,7:16,436,127,23,50
E09000025,Newham,E05000479,Custom House,14300,6930,1003,83,1,1,17,2900,1602,225,93,369,770,2362,1,4:56,296,6:42,402,7:23,443,58,11,40
E09000025,Newham,E05000480,East Ham Central,17150,16618,1366,55,3,10,15,3150,2040,530,148,379,585,2848,1,4:35,275,6:53,413,6:23,383,67,36,46
E09000025,Newham,E05000481,East Ham North,14550,16084,1250,55,7,2,12,2350,1018,423,99,231,545,2435,1,6:16,376,7:46,466,8:56,536,102,27,19
E09000025,Newham,E05000482,East Ham South,16550,9149,1221,76,5,1,15,4000,1248,284,123,407,715,2662,7,4:38,278,6:54,414,8:28,508,241,28,63
E09000025,Newham,E05000483,Forest Gate North,16950,13585,1376,55,6,2,10,2850,1121,370,149,436,575,2880,3,4:58,298,6:42,402,10:19,619,80,23,29
E09000025,Newham,E05000484,Forest Gate South,18850,15825,1313,66,6,8,16,2900,2009,447,176,294,680,3112,0,3:50,230,6:16,376,7:37,457,158,33,42
E09000025,Newham,E05000485,Green Street East,17400,23315,1138,55,1,1,3,3300,1097,622,85,205,600,2732,1,5:18,318,6:32,392,,0,80,32,25
E09000025,Newham,E05000486,Green Street West,16450,20491,1402,51,1,2,12,2850,1370,497,88,230,600,2559,0,5:43,343,7:34,454,16:48,1008,95,17,18
E09000025,Newham,E05000487,Little Ilford,18050,9502,1185,84,11,10,17,4200,1360,419,136,385,725,2806,2,6:15,375,6:40,400,7:46,466,200,13,33
E09000025,Newham,E05000488,Manor Park,16100,12061,1351,75,2,6,3,2800,1238,438,118,292,630,2597,3,5:52,352,7:04,424,7:26,446,83,24,20
E09000025,Newham,E05000489,Plaistow North,16750,17019,1491,62,8,4,17,3400,930,373,117,438,725,2689,3,5:22,322,7:06,426,6:42,402,189,21,42
E09000025,Newham,E05000490,Plaistow South,17950,12965,1195,62,3,5,23,3550,1733,389,171,353,630,3002,10,3:59,239,6:47,407,6:09,369,230,25,97
E09000025,Newham,E05000491,Royal Docks,14250,3012,590,60,26,7,45,2050,1002,167,90,192,335,2207,1,6:58,418,8:10,490,9:14,554,35,14,19
E09000025,Newham,E05000492,Stratford and New Town,29700,7013,1177,64,96,34,60,2850,7083,410,269,445,770,5639,6,4:51,291,6:26,386,8:06,486,214,103,48
E09000025,Newham,E05000493,Wall End,16000,11622,1253,62,1,1,6,3550,795,385,106,237,555,2505,1,6:03,363,8:31,511,11:58,718,77,5,28
E09000025,Newham,E05000494,West Ham,16650,12453,1555,69,8,3,7,3000,1213,395,167,369,685,2847,1,4:54,294,7:10,430,7:15,435,77,9,16
E09000026,Redbridge,E05000495,Aldborough,15950,1855,1950,42,3,12,13,3100,1105,88,135,534,540,1183,0,6:08,368,7:54,474,11:20,680,84,16,35
E09000026,Redbridge,E05000496,Barkingside,13550,8861,2017,27,1,0,6,2550,845,64,63,506,405,996,0,6:57,417,8:26,506,8:28,508,158,12,34
E09000026,Redbridge,E05000497,Bridge,12500,4848,1789,47,0,10,14,2150,743,43,105,522,440,997,0,5:44,344,8:41,521,12:10,730,123,7,39
E09000026,Redbridge,E05000498,Chadwell,16000,10578,1490,38,0,0,3,3400,851,80,145,418,480,1233,0,6:19,379,6:59,419,8:13,493,98,7,18
E09000026,Redbridge,E05000499,Church End,12750,8586,1508,33,5,18,7,2000,910,20,119,542,290,962,0,5:36,336,7:45,465,8:43,523,95,17,33
E09000026,Redbridge,E05000500,Clayhall,13850,5554,2168,28,1,2,6,2850,889,70,35,408,385,1012,0,7:31,451,9:02,542,9:37,577,111,11,24
E09000026,Redbridge,E05000501,Clementswood,17250,13560,1240,62,6,4,13,3400,2548,238,143,284,535,1236,1,4:14,254,5:08,308,8:30,510,117,36,49
E09000026,Redbridge,E05000502,Cranbrook,13700,5706,1785,40,3,13,9,2250,1054,124,84,357,440,1039,1,7:01,421,7:51,471,9:35,575,95,13,20
E09000026,Redbridge,E05000503,Fairlop,13500,3755,1835,35,2,7,10,2400,888,56,161,547,490,1072,0,4:57,297,8:00,480,7:34,454,132,6,55
E09000026,Redbridge,E05000504,Fullwell,13750,6285,2201,61,1,1,8,2600,875,68,74,630,540,1032,0,6:20,380,7:42,462,7:12,432,150,8,50
E09000026,Redbridge,E05000505,Goodmayes,14250,8687,1274,42,0,2,5,2650,1066,141,163,254,510,1126,3,4:37,277,5:27,327,8:30,510,59,19,24
E09000026,Redbridge,E05000506,Hainault,13850,2450,1870,57,2,1,37,2900,1035,50,125,654,765,1147,2,4:34,274,9:19,559,8:34,514,234,19,83
E09000026,Redbridge,E05000507,Loxford,18300,14205,1328,68,3,5,12,4200,1611,290,148,344,625,1325,3,5:32,332,6:29,389,7:57,477,181,24,41
E09000026,Redbridge,E05000508,Mayfield,14800,7863,1585,39,0,1,3,3100,866,111,70,451,440,1127,0,4:51,291,6:24,384,8:02,482,115,7,23
E09000026,Redbridge,E05000509,Monkhams,11250,3656,2496,23,2,15,14,1800,620,18,63,678,215,728,0,4:38,278,8:04,484,8:14,494,209,10,52
E09000026,Redbridge,E05000510,Newbury,18050,8513,1769,42,1,0,7,4100,1012,168,107,376,575,1347,1,4:33,273,5:56,356,9:06,546,196,13,18
E09000026,Redbridge,E05000511,Roding,13000,5502,1571,70,6,0,23,2400,872,60,123,419,305,1019,1,6:32,392,9:05,545,9:50,590,139,19,52
E09000026,Redbridge,E05000512,Seven Kings,16550,7944,1553,55,0,1,11,3300,1633,196,119,308,500,1243,2,4:37,277,5:24,324,9:00,540,68,21,37
E09000026,Redbridge,E05000513,Snaresbrook,12850,6473,2294,40,2,26,21,1600,857,42,151,892,365,935,0,6:02,362,7:22,442,7:47,467,271,20,19
E09000026,Redbridge,E05000514,Valentines,15650,10411,1445,66,3,2,5,2900,1980,183,142,328,510,1159,3,5:45,345,7:22,442,9:49,589,83,43,35
E09000026,Redbridge,E05000515,Wanstead,12500,2408,2105,41,4,15,14,2200,865,33,142,540,330,855,2,6:41,401,8:43,523,10:59,659,90,7,18
E09000027,Richmond upon Thames,E05000516,Barnes,10350,3439,1695,40,3,14,6,1700,563,28,83,533,235,932,1,6:10,370,7:14,434,9:37,577,76,6,31
E09000027,Richmond upon Thames,E05000517,East Sheen,11050,1894,1646,14,0,18,7,2350,588,17,105,488,140,925,0,6:00,360,8:09,489,,0,45,1,40
E09000027,Richmond upon Thames,E05000518,Fulwell and Hampton Hill,10850,5658,1562,17,0,9,5,1900,575,14,127,436,240,1013,1,4:21,261,5:53,353,10:23,623,39,3,17
E09000027,Richmond upon Thames,E05000519,"Ham, Petersham and Richmond Riverside",10800,1145,1884,44,6,146,22,1850,681,21,97,686,340,1008,0,5:01,301,6:33,393,9:42,582,165,6,115
E09000027,Richmond upon Thames,E05000520,Hampton,10500,1527,2071,36,2,132,21,1800,570,22,86,529,235,986,0,7:19,439,7:05,425,9:44,584,43,18,32
E09000027,Richmond upon Thames,E05000521,Hampton North,9700,4975,1846,56,1,2,12,1650,601,17,104,504,415,952,2,6:31,391,7:32,452,9:03,543,105,6,35
E09000027,Richmond upon Thames,E05000522,Hampton Wick,11350,4134,1606,22,8,30,16,2150,609,9,96,581,270,1091,1,5:52,352,6:29,389,7:35,455,130,9,41
E09000027,Richmond upon Thames,E05000523,Heathfield,10800,5653,1774,44,2,1,11,2000,600,39,84,453,385,1075,1,6:07,367,7:16,436,7:29,449,152,3,44
E09000027,Richmond upon Thames,E05000524,Kew,11800,3300,1850,18,2,92,18,2000,866,19,129,550,240,1039,1,4:45,285,7:19,439,9:52,592,96,1,36
E09000027,Richmond upon Thames,E05000525,Mortlake and Barnes Common,11500,5940,1696,30,10,34,14,1650,782,13,112,584,245,1063,0,5:53,353,8:35,515,8:02,482,100,4,27
E09000027,Richmond upon Thames,E05000526,North Richmond,11850,4230,1811,27,2,17,17,1950,967,22,145,619,255,1075,1,4:14,254,7:59,479,8:03,483,80,5,43
E09000027,Richmond upon Thames,E05000527,St. Margarets and North Twickenham,12200,6077,1123,15,0,12,11,2400,810,11,128,385,170,1086,0,6:34,394,7:44,464,9:54,594,50,4,20
E09000027,Richmond upon Thames,E05000528,South Richmond,11400,4236,1745,30,10,184,23,1800,1479,9,156,693,205,1064,0,4:55,295,7:53,473,8:49,529,50,13,53
E09000027,Richmond upon Thames,E05000529,South Twickenham,10500,6079,1297,12,0,13,7,1800,540,12,106,397,160,997,0,4:55,295,6:28,388,8:36,516,102,10,26
E09000027,Richmond upon Thames,E05000530,Teddington,10850,2526,1879,22,3,30,13,1700,605,9,105,547,230,1000,0,5:36,336,7:02,422,9:37,577,113,8,32
E09000027,Richmond upon Thames,E05000531,Twickenham Riverside,11000,5600,1508,15,6,79,19,1600,986,7,202,471,145,1028,3,6:18,378,7:04,424,7:45,465,53,9,33
E09000027,Richmond upon Thames,E05000532,West Twickenham,11100,4515,1430,33,0,5,6,2050,735,21,108,474,300,1066,0,4:22,262,5:35,335,8:14,494,103,2,36
E09000027,Richmond upon Thames,E05000533,Whitton,10250,6304,1712,36,0,2,2,1800,612,27,82,504,250,994,1,6:05,365,7:14,434,9:10,550,95,5,23
E09000028,Southwark,E05000534,Brunswick Park,13800,14769,1031,66,7,65,12,2050,1236,198,187,354,565,1748,1,4:05,245,6:04,364,6:37,397,142,11,44
E09000028,Southwark,E05000535,Camberwell Green,16350,16775,1252,73,17,40,20,2850,1945,250,186,469,690,2048,4,4:22,262,5:20,320,6:11,371,247,19,47
E09000028,Southwark,E05000536,Cathedrals,18150,10264,1131,68,55,140,66,1600,3918,132,235,551,665,2234,2,4:52,292,6:03,363,6:42,402,272,46,87
E09000028,Southwark,E05000537,Chaucer,16250,19823,846,68,21,60,24,2000,2276,164,219,344,485,2030,0,5:06,306,5:41,341,6:14,374,508,14,59
E09000028,Southwark,E05000538,College,12650,3912,1493,63,31,23,22,2200,894,70,123,501,460,1387,1,5:53,353,8:02,482,9:39,579,217,12,32
E09000028,Southwark,E05000539,East Dulwich,13400,13128,1224,30,4,6,10,1650,876,66,172,370,390,1516,0,6:14,374,6:55,415,7:05,425,67,8,17
E09000028,Southwark,E05000540,East Walworth,13600,11861,1094,71,11,49,26,2050,2080,198,176,394,640,1585,2,4:35,275,6:23,383,7:01,421,227,13,66
E09000028,Southwark,E05000541,Faraday,14050,15999,1000,66,23,25,32,2600,1306,284,158,347,510,1512,1,4:36,276,5:42,342,7:24,444,219,20,41
E09000028,Southwark,E05000542,Grange,18100,14903,1166,60,22,60,44,1650,2127,167,253,458,725,2426,1,4:33,273,5:51,351,6:36,396,357,33,72
E09000028,Southwark,E05000543,Livesey,15100,10498,1431,82,12,32,38,2950,1522,232,127,558,775,1887,3,4:06,246,5:34,334,6:29,389,285,13,80
E09000028,Southwark,E05000544,Newington,15250,18294,1327,67,31,24,32,2100,1603,191,214,589,740,2151,1,5:41,341,6:11,371,6:40,400,215,7,55
E09000028,Southwark,E05000545,Nunhead,14650,11028,1345,75,3,45,15,2200,1120,234,153,496,885,2013,2,4:13,253,5:33,333,6:44,404,125,3,56
E09000028,Southwark,E05000546,Peckham,15450,17766,1105,66,5,13,12,3050,1435,304,113,303,785,1888,1,4:14,254,5:22,322,6:49,409,241,14,45
E09000028,Southwark,E05000547,Peckham Rye,14700,6526,1241,50,17,30,15,2550,855,89,155,408,515,1729,3,5:56,356,7:02,422,7:29,449,127,7,29
E09000028,Southwark,E05000548,Riverside,16650,12536,1204,60,72,69,24,1450,2358,133,274,393,505,2423,2,4:28,268,6:08,368,6:29,389,617,25,102
E09000028,Southwark,E05000549,Rotherhithe,16050,10768,1188,71,31,33,25,2050,1793,159,204,440,620,2152,0,5:17,317,6:41,401,7:23,443,215,13,51
E09000028,Southwark,E05000550,South Bermondsey,14900,15304,1157,78,17,3,28,2550,1438,197,254,397,725,1979,3,4:01,241,5:52,352,6:53,413,308,16,62
E09000028,Southwark,E05000551,South Camberwell,13300,9989,1023,49,15,42,12,2150,695,116,144,354,425,1713,2,5:24,324,6:04,364,6:20,380,315,11,43
E09000028,Southwark,E05000552,Surrey Docks,15500,8155,1052,65,14,20,9,1500,996,82,308,295,430,1853,1,6:11,371,7:00,420,8:23,503,119,11,29
E09000028,Southwark,E05000553,The Lane,16900,12168,1771,63,7,53,15,2650,2386,216,165,568,770,2060,8,4:27,267,5:44,344,7:55,475,277,14,52
E09000028,Southwark,E05000554,Village,13000,4664,1499,31,0,70,6,2900,851,44,84,419,275,1339,0,5:36,336,6:15,375,7:52,472,56,3,29
E09000029,Sutton,E05000555,Beddington North,10750,2155,1671,29,1,19,12,2150,730,19,97,445,380,1079,0,6:34,394,6:58,418,5:58,358,33,10,42
E09000029,Sutton,E05000556,Beddington South,11200,3659,1803,80,1,0,1,2350,696,44,33,408,565,1100,1,5:31,331,6:22,382,5:49,349,91,5,34
E09000029,Sutton,E05000557,Belmont,10650,4564,1866,66,2,3,3,1650,373,12,141,509,325,989,1,6:29,389,7:09,429,7:49,469,105,9,63
E09000029,Sutton,E05000558,Carshalton Central,11000,5435,1564,33,0,63,5,1900,543,14,126,459,295,1036,0,5:33,333,7:56,476,8:26,506,50,18,21
E09000029,Sutton,E05000559,Carshalton South and Clockhouse,10650,1510,1767,26,1,7,1,2150,424,12,65,310,285,962,0,6:29,389,9:10,550,14:43,883,26,10,32
E09000029,Sutton,E05000560,Cheam,11100,2824,2191,16,0,36,2,2100,393,13,71,489,205,944,0,4:45,285,7:00,420,,0,52,1,48
E09000029,Sutton,E05000561,Nonsuch,11000,5768,2310,14,0,0,2,1850,577,22,75,577,260,1050,4,5:43,343,7:25,445,10:19,619,52,10,38
E09000029,Sutton,E05000562,St. Helier,12300,8218,1331,55,2,2,9,2500,942,64,187,531,650,1310,5,4:54,294,5:41,341,5:34,334,89,4,32
E09000029,Sutton,E05000563,Stonecot,11050,5571,1780,21,0,0,4,2200,525,19,90,450,305,1108,0,4:59,299,5:39,339,5:57,357,51,2,42
E09000029,Sutton,E05000564,Sutton Central,12600,9615,1434,62,6,9,13,1850,2050,50,221,599,495,1265,4,5:36,336,6:26,386,8:06,486,350,34,120
E09000029,Sutton,E05000565,Sutton North,11250,6004,1939,34,1,2,3,2250,542,21,123,537,360,1056,0,4:30,270,4:56,296,7:17,437,81,6,54
E09000029,Sutton,E05000566,Sutton South,10300,8100,1800,36,5,1,7,1150,474,30,170,754,325,1010,1,6:36,396,7:01,421,9:42,582,229,13,78
E09000029,Sutton,E05000567,Sutton West,11300,6341,1532,22,0,0,4,1750,410,27,151,538,275,1090,0,4:52,292,5:45,345,6:04,364,106,6,51
E09000029,Sutton,E05000568,The Wrythe,11150,7516,1540,44,4,5,9,1750,703,24,167,455,390,1107,1,5:59,359,7:37,457,7:53,473,70,6,38
E09000029,Sutton,E05000569,Wallington North,11750,7256,1569,35,2,21,4,2050,572,29,145,489,380,1157,1,4:09,249,7:51,471,8:00,480,64,8,36
E09000029,Sutton,E05000570,Wallington South,11000,6403,1901,42,2,4,14,1750,684,22,207,702,435,1057,0,4:33,273,7:36,456,12:54,774,84,21,63
E09000029,Sutton,E05000571,Wandle Valley,12950,6306,1096,65,0,4,2,2600,829,53,219,446,570,1259,3,5:13,313,7:40,460,,0,92,2,23
E09000029,Sutton,E05000572,Worcester Park,12850,6566,1805,16,0,2,3,2350,530,24,94,505,330,1263,1,6:16,376,6:49,409,9:18,558,41,12,40
E09000030,Tower Hamlets,E05000573,Bethnal Green North,15550,18840,1068,87,13,48,10,2300,850,160,144,367,625,2720,1,4:24,264,6:04,364,7:36,456,124,82,47
E09000030,Tower Hamlets,E05000574,Bethnal Green South,15500,17577,902,86,12,40,19,2450,519,296,178,296,625,2799,0,4:21,261,5:59,359,7:05,425,186,67,67
E09000030,Tower Hamlets,E05000575,Blackwall and Cubitt Town,27050,9117,1377,75,63,49,69,4000,2229,193,315,351,660,4300,3,4:54,294,6:46,406,8:28,508,347,99,135
E09000030,Tower Hamlets,E05000576,Bow East,18200,9753,1374,74,35,30,44,2850,889,147,216,509,715,3131,2,6:03,363,7:25,445,7:55,475,172,56,77
E09000030,Tower Hamlets,E05000577,Bow West,14500,10797,1224,64,10,59,11,2200,1547,165,120,406,525,2547,0,5:25,325,7:35,455,8:58,538,112,40,50
E09000030,Tower Hamlets,E05000578,Bromley-by-Bow,20350,19006,988,75,33,10,29,4450,1348,269,89,264,735,3082,1,5:57,357,7:39,459,7:50,470,118,57,35
E09000030,Tower Hamlets,E05000579,East India and Lansbury,19050,15571,1161,91,28,18,37,4200,951,220,110,416,835,2736,2,4:48,288,7:27,447,8:07,487,143,51,62
E09000030,Tower Hamlets,E05000580,Limehouse,19950,17457,1152,75,39,65,27,3450,956,224,139,371,785,3171,0,4:23,263,5:53,353,7:37,457,213,60,54
E09000030,Tower Hamlets,E05000581,Mile End and Globe Town,16600,18436,1121,67,29,34,22,2950,1470,250,197,418,610,2911,5,4:07,247,6:46,406,7:50,470,124,85,43
E09000030,Tower Hamlets,E05000582,Mile End East,17700,16521,876,84,33,30,33,3550,672,259,66,277,575,2614,8,5:22,322,6:21,381,6:34,394,177,54,37
E09000030,Tower Hamlets,E05000583,Millwall,29000,11797,1249,50,83,22,96,3650,1821,177,447,278,555,4881,2,4:12,252,6:42,402,8:17,497,265,115,156
E09000030,Tower Hamlets,E05000584,St. Dunstan's and Stepney Green,19300,18949,1611,76,16,63,21,3600,371,296,124,529,925,3043,1,4:59,299,6:47,407,6:57,417,150,61,49
E09000030,Tower Hamlets,E05000585,St. Katharine's and Wapping,15000,9940,1152,68,59,98,54,1500,1560,116,217,331,345,2782,2,5:02,302,7:09,429,7:20,440,145,78,41
E09000030,Tower Hamlets,E05000586,Shadwell,16450,17095,1166,76,44,62,46,2900,908,273,190,373,690,2776,2,4:16,256,5:41,341,6:54,414,305,71,102
E09000030,Tower Hamlets,E05000587,Spitalfields and Banglatown,12200,19130,651,76,21,139,26,1200,918,208,136,192,350,2186,2,4:11,251,5:35,335,6:19,379,249,113,42
E09000030,Tower Hamlets,E05000588,Weavers,15650,20174,1027,74,14,60,12,2100,871,201,149,380,575,2739,1,4:41,281,5:49,349,6:17,377,115,96,45
E09000030,Tower Hamlets,E05000589,Whitechapel,19150,20782,794,80,50,87,38,2500,2417,276,259,280,595,3338,3,3:47,227,4:52,292,5:40,340,199,133,88
E09000031,Waltham Forest,E05000590,Cann Hall,14250,16610,1100,73,2,3,10,2150,870,288,178,361,495,2279,2,3:54,234,6:17,377,7:49,469,175,10,72
E09000031,Waltham Forest,E05000591,Cathall,13500,12771,1108,79,4,4,15,2300,892,270,106,336,595,2171,1,4:17,257,5:34,334,6:02,362,113,14,43
E09000031,Waltham Forest,E05000592,Chapel End,15600,8432,1315,50,1,6,8,3250,1235,150,139,386,395,2254,0,4:53,293,6:29,389,9:12,552,53,14,21
E09000031,Waltham Forest,E05000593,Chingford Green,10850,2911,2594,54,3,9,11,1750,796,18,118,898,345,1514,2,5:12,312,7:39,459,7:37,457,106,19,39
E09000031,Waltham Forest,E05000594,Endlebury,11450,5875,1974,47,0,3,5,2050,604,43,61,585,370,1628,0,3:54,234,7:24,444,10:14,614,137,5,28
E09000031,Waltham Forest,E05000595,Forest,13100,6596,1280,56,1,5,14,1900,1260,202,154,320,465,2106,0,5:20,320,7:22,442,7:06,426,79,15,25
E09000031,Waltham Forest,E05000596,Grove Green,15850,17693,1192,51,0,1,6,2400,831,255,199,330,360,2494,1,4:23,263,6:51,411,11:29,689,87,31,31
E09000031,Waltham Forest,E05000597,Hale End and Highams Park,12750,5433,1491,72,3,2,2,2550,914,71,98,378,395,1800,0,6:38,398,8:05,485,8:57,537,50,8,16
E09000031,Waltham Forest,E05000598,Hatch Lane,11600,4801,2023,59,1,4,3,2000,762,49,102,631,510,1699,0,5:30,330,7:30,450,8:33,513,182,31,37
E09000031,Waltham Forest,E05000599,High Street,15750,5149,1178,65,1,6,5,2500,2212,250,218,396,435,2381,2,4:55,295,6:14,374,8:56,536,176,39,35
E09000031,Waltham Forest,E05000600,Higham Hill,15600,4843,1166,85,0,1,9,3250,1066,149,220,382,655,2228,0,5:15,315,6:25,385,8:53,533,104,13,38
E09000031,Waltham Forest,E05000601,Hoe Street,15100,13726,1286,85,1,22,6,2450,1139,217,218,498,520,2215,2,5:07,307,6:16,376,8:13,493,236,23,51
E09000031,Waltham Forest,E05000602,Larkswood,11950,5785,1993,59,0,3,11,2000,893,55,101,580,470,1814,2,5:49,349,7:11,431,9:01,541,130,17,33
E09000031,Waltham Forest,E05000603,Lea Bridge,17100,6460,1353,70,3,9,36,3250,1626,247,205,416,585,2514,1,5:14,314,7:00,420,9:02,542,108,34,76
E09000031,Waltham Forest,E05000604,Leyton,15550,7652,1149,76,6,9,19,3000,1433,231,151,371,620,2410,3,4:18,258,6:30,390,8:46,526,385,39,46
E09000031,Waltham Forest,E05000605,Leytonstone,13400,10261,1150,54,2,5,14,1650,1253,140,206,279,460,2231,1,4:52,292,7:08,428,8:11,491,48,32,44
E09000031,Waltham Forest,E05000606,Markhouse,15100,10363,1298,81,1,7,5,2600,1252,234,157,367,535,2115,5,5:16,316,5:03,303,7:51,471,142,11,57
E09000031,Waltham Forest,E05000607,Valley,12200,6147,1789,71,0,3,8,2200,1473,62,107,534,490,1876,1,6:41,401,8:09,489,11:07,667,128,18,56
E09000031,Waltham Forest,E05000608,William Morris,14900,14912,1180,85,4,3,12,2700,916,195,151,345,465,2064,1,3:25,205,4:50,290,9:48,588,181,29,32
E09000031,Waltham Forest,E05000609,Wood Street,14500,7837,1313,76,3,11,9,2800,1078,160,228,486,515,2083,1,5:27,327,6:38,398,8:10,490,211,34,44
E09000032,Wandsworth,E05000610,Balham,15100,12461,1340,27,3,17,15,1800,1381,53,134,404,355,1820,3,4:53,293,5:36,336,6:55,415,142,13,46
E09000032,Wandsworth,E05000611,Bedford,14150,7840,1126,44,3,6,18,1650,845,59,345,391,435,1703,1,4:22,262,5:47,347,8:17,497,103,6,38
E09000032,Wandsworth,E05000612,Earlsfield,16350,11650,1014,39,0,5,21,2150,1139,70,180,388,500,2023,0,5:39,339,6:32,392,7:15,435,72,20,47
E09000032,Wandsworth,E05000613,East Putney,16050,9967,1855,31,9,15,15,1850,744,44,271,737,345,1766,2,4:10,250,7:47,467,8:24,504,55,16,20
E09000032,Wandsworth,E05000614,Fairfield,15050,10349,1146,31,10,35,30,1300,1575,65,170,380,325,1901,1,4:16,256,6:13,373,6:59,419,71,8,21
E09000032,Wandsworth,E05000615,Furzedown,15400,10881,1691,66,3,6,15,2950,790,110,157,595,550,2035,3,5:51,351,6:28,388,7:23,443,175,9,36
E09000032,Wandsworth,E05000616,Graveney,15900,15725,1384,51,0,14,16,2300,1661,115,204,449,560,1980,3,4:56,296,6:06,366,7:50,470,70,15,36
E09000032,Wandsworth,E05000617,Latchmere,15450,14262,1554,71,27,7,36,2400,1285,173,173,588,795,2076,5,3:45,225,5:42,342,6:55,415,223,14,92
E09000032,Wandsworth,E05000618,Nightingale,14750,11973,1470,38,6,12,20,1850,1024,57,135,464,400,1677,0,3:42,222,5:13,313,6:47,407,98,7,69
E09000032,Wandsworth,E05000619,Northcote,15650,9341,926,37,1,22,7,2300,1513,43,151,332,230,1741,0,3:51,231,5:53,353,6:35,395,49,10,38
E09000032,Wandsworth,E05000620,Queenstown,19500,6085,1576,57,31,20,43,2100,1689,137,343,591,565,2332,7,5:08,308,6:12,372,6:55,415,257,21,54
E09000032,Wandsworth,E05000621,Roehampton and Putney Heath,15800,3571,1529,60,49,52,67,2950,1397,132,117,770,840,2179,3,6:18,378,8:34,514,10:01,601,189,23,55
E09000032,Wandsworth,E05000622,St. Mary's Park,18550,13280,2363,64,50,14,54,1950,1279,103,268,624,450,2225,1,4:22,262,6:00,360,7:40,460,105,33,61
E09000032,Wandsworth,E05000623,Shaftesbury,14150,14928,1174,43,6,14,9,1300,1281,50,232,429,460,1925,1,4:26,266,5:51,351,8:48,528,119,19,41
E09000032,Wandsworth,E05000624,Southfields,17650,11576,1584,47,11,7,25,2450,1319,68,189,485,410,1884,2,4:34,274,7:15,435,8:06,486,77,13,27
E09000032,Wandsworth,E05000625,Thamesfield,16850,8768,1544,24,20,18,21,2200,1592,28,205,513,250,1721,1,4:35,275,6:31,391,8:20,500,53,26,19
E09000032,Wandsworth,E05000626,Tooting,16750,10467,1619,62,4,8,18,2750,1489,173,159,487,535,2073,4,4:46,286,5:47,347,7:36,456,210,19,82
E09000032,Wandsworth,E05000627,Wandsworth Common,14750,5335,1431,33,9,14,14,1850,1154,49,165,401,340,1785,10,4:51,291,6:08,368,8:07,487,142,9,45
E09000032,Wandsworth,E05000628,West Hill,16600,9848,1792,47,36,11,19,2900,730,83,137,572,580,2003,1,5:45,345,8:40,520,9:59,599,101,17,25
E09000032,Wandsworth,E05000629,West Putney,15250,8254,2113,46,8,8,19,2350,972,66,110,785,555,1807,2,6:13,373,7:57,477,10:22,622,97,20,21
E09000033,Westminster,E05000630,Abbey Road,12800,11690,1731,30,42,230,10,2150,791,40,175,637,210,1303,2,5:30,330,6:00,360,7:30,450,44,6,22
E09000033,Westminster,E05000631,Bayswater,11500,22136,1128,51,19,45,5,1050,1160,91,162,474,350,1251,2,5:00,300,5:47,347,6:14,374,54,29,25
E09000033,Westminster,E05000632,Bryanston and Dorset Square,13650,18874,1526,44,87,217,18,1350,2609,73,357,563,200,1440,2,5:28,328,5:59,359,7:52,472,66,29,35
E09000033,Westminster,E05000633,Churchill,11550,18958,1471,82,34,47,21,2250,1075,81,154,592,575,1229,0,5:04,304,6:03,363,7:30,450,174,30,27
E09000033,Westminster,E05000634,Church Street,12800,28915,1629,90,28,12,5,2700,1220,191,162,587,990,1390,2,5:27,327,6:11,371,8:16,496,121,20,41
E09000033,Westminster,E05000635,Harrow Road,13550,27361,1206,75,1,4,3,2450,1042,133,152,470,700,1472,1,4:34,274,5:05,305,6:07,367,105,31,27
E09000033,Westminster,E05000636,Hyde Park,14800,15496,1735,55,137,136,24,1650,2513,95,317,517,290,1399,1,5:01,301,5:44,344,7:34,454,56,101,40
E09000033,Westminster,E05000637,Knightsbridge and Belgravia,10150,2824,1478,30,219,410,35,1300,1947,43,119,426,25,1164,0,5:33,333,6:54,414,8:01,481,30,30,31
E09000033,Westminster,E05000638,Lancaster Gate,14850,23541,1448,64,107,116,11,1400,2239,84,478,552,300,1620,1,4:46,286,5:18,318,6:43,403,45,98,122
E09000033,Westminster,E05000639,Little Venice,11950,18750,1382,83,48,108,8,1700,924,89,205,443,435,1200,1,4:20,260,4:51,291,8:10,490,120,11,28
E09000033,Westminster,E05000640,Maida Vale,11500,17798,1139,69,7,15,2,1950,718,75,141,378,390,1190,0,4:44,284,5:25,325,7:01,421,60,7,14
E09000033,Westminster,E05000641,Marylebone High Street,11900,11887,1479,35,132,320,23,900,3914,40,304,537,195,1343,3,6:02,362,6:39,399,7:49,469,21,70,40
E09000033,Westminster,E05000642,Queen's Park,13750,23528,1374,79,3,17,3,2700,924,218,152,456,880,1532,0,5:13,313,5:34,334,7:36,456,89,3,32
E09000033,Westminster,E05000643,Regent's Park,13400,5940,2308,60,82,167,11,1950,1208,87,219,956,400,1377,13,4:50,290,5:13,313,7:06,426,62,17,30
E09000033,Westminster,E05000644,St. James's,14000,4042,1705,84,340,940,61,1350,12228,82,364,583,420,1302,4,4:43,283,5:47,347,7:30,450,330,176,212
E09000033,Westminster,E05000645,Tachbrook,9200,20755,1526,62,23,43,5,1000,539,42,140,662,275,1035,0,4:48,288,5:53,353,7:39,459,53,15,25
E09000033,Westminster,E05000646,Vincent Square,11650,17043,1642,60,78,66,12,1600,1129,52,244,623,495,1275,0,4:31,271,5:15,315,7:03,423,139,25,40
E09000033,Westminster,E05000647,Warwick,10350,18045,1304,43,43,55,17,900,1517,54,239,553,380,1164,0,5:18,318,5:55,355,6:41,401,39,38,30
E09000033,Westminster,E05000648,Westbourne,13850,20475,1360,99,43,10,19,2500,1235,168,160,427,885,1533,0,4:28,268,4:46,286,6:36,396,236,23,56
E09000033,Westminster,E05000649,West End,13100,6551,1438,48,322,970,36,850,17244,66,420,599,305,1450,9,5:34,334,6:27,387,8:29,509,180,159,100
E09000001,City of London,E05000000,City of London,7400,2350,1400,40,171,610,176,750,5191,37,189,526,0,1475,1,4:55,295,6:11,371,6:57,417,149,354,143
